run_id,steps,wall_us,ops,solver_us,pivots,solver_work,exact_pivots,exact_work,comparisons,flips_drawn,flips_refused,certified,certificate_failures,false_witnesses,cost_units,run_units,conceded
1,150,752,0,0,0,0,0,0,0,0,0,0,0,0,0,0,
2,123,500,0,0,0,0,0,0,0,0,0,0,0,0,0,0,
3,218,776,0,0,0,0,0,0,0,0,0,0,0,0,0,0,
4,141,531,0,0,0,0,0,0,0,0,0,0,0,0,0,0,
5,225,729,0,0,0,0,0,0,0,0,0,0,0,0,0,0,
6,138,461,0,0,0,0,0,0,0,0,0,0,0,0,0,0,
7,148,526,0,0,0,0,0,0,0,0,0,0,0,0,0,0,
8,87,467,0,0,0,0,0,0,0,0,0,0,0,0,0,0,
9,128,529,0,0,0,0,0,0,0,0,0,0,0,0,0,0,
10,206,686,0,0,0,0,0,0,0,0,0,0,0,0,0,0,
11,142,450,0,0,0,0,0,0,0,0,0,0,0,0,0,0,
12,148,485,0,0,0,0,0,0,0,0,0,0,0,0,0,0,
13,103,369,0,0,0,0,0,0,0,0,0,0,0,0,0,0,
14,134,528,0,0,0,0,0,0,0,0,0,0,0,0,0,0,
15,123,438,0,0,0,0,0,0,0,0,0,0,0,0,0,0,
16,142,428,0,0,0,0,0,0,0,0,0,0,0,0,0,0,
17,282,738,0,0,0,0,0,0,0,0,0,0,0,0,0,0,
18,127,426,0,0,0,0,0,0,0,0,0,0,0,0,0,0,
19,161,529,0,0,0,0,0,0,0,0,0,0,0,0,0,0,
20,166,551,0,0,0,0,0,0,0,0,0,0,0,0,0,0,
21,286,895,0,0,0,0,0,0,0,0,0,0,0,0,0,0,
22,135,458,0,0,0,0,0,0,0,0,0,0,0,0,0,0,
23,162,530,0,0,0,0,0,0,0,0,0,0,0,0,0,0,
24,112,398,0,0,0,0,0,0,0,0,0,0,0,0,0,0,
25,125,416,0,0,0,0,0,0,0,0,0,0,0,0,0,0,
26,139,410,0,0,0,0,0,0,0,0,0,0,0,0,0,0,
27,159,463,0,0,0,0,0,0,0,0,0,0,0,0,0,0,
28,138,474,0,0,0,0,0,0,0,0,0,0,0,0,0,0,
29,168,404,0,0,0,0,0,0,0,0,0,0,0,0,0,0,
30,125,418,0,0,0,0,0,0,0,0,0,0,0,0,0,0,
31,140,483,0,0,0,0,0,0,0,0,0,0,0,0,0,0,
32,134,437,0,0,0,0,0,0,0,0,0,0,0,0,0,0,
33,164,451,0,0,0,0,0,0,0,0,0,0,0,0,0,0,
34,100,399,0,0,0,0,0,0,0,0,0,0,0,0,0,0,
35,106,392,0,0,0,0,0,0,0,0,0,0,0,0,0,0,
36,161,489,0,0,0,0,0,0,0,0,0,0,0,0,0,0,
37,169,510,0,0,0,0,0,0,0,0,0,0,0,0,0,0,
38,108,402,0,0,0,0,0,0,0,0,0,0,0,0,0,0,
39,113,387,0,0,0,0,0,0,0,0,0,0,0,0,0,0,
40,83,366,0,0,0,0,0,0,0,0,0,0,0,0,0,0,
41,236,729,0,0,0,0,0,0,0,0,0,0,0,0,0,0,
42,137,498,0,0,0,0,0,0,0,0,0,0,0,0,0,0,
43,193,599,0,0,0,0,0,0,0,0,0,0,0,0,0,0,
44,124,382,0,0,0,0,0,0,0,0,0,0,0,0,0,0,
45,166,480,0,0,0,0,0,0,0,0,0,0,0,0,0,0,
46,147,505,0,0,0,0,0,0,0,0,0,0,0,0,0,0,
47,141,503,0,0,0,0,0,0,0,0,0,0,0,0,0,0,
48,121,441,0,0,0,0,0,0,0,0,0,0,0,0,0,0,
49,145,333,0,0,0,0,0,0,0,0,0,0,0,0,0,0,
50,89,393,0,0,0,0,0,0,0,0,0,0,0,0,0,0,
51,493,1314,0,0,0,0,0,0,0,0,0,0,0,0,0,0,
52,229,547,0,0,0,0,0,0,0,0,0,0,0,0,0,0,
53,251,681,0,0,0,0,0,0,0,0,0,0,0,0,0,0,
54,300,817,0,0,0,0,0,0,0,0,0,0,0,0,0,0,
55,103,432,0,0,0,0,0,0,0,0,0,0,0,0,0,0,
56,132,522,0,0,0,0,0,0,0,0,0,0,0,0,0,0,
57,328,920,0,0,0,0,0,0,0,0,0,0,0,0,0,0,
58,166,523,0,0,0,0,0,0,0,0,0,0,0,0,0,0,
59,179,608,0,0,0,0,0,0,0,0,0,0,0,0,0,0,
60,350,958,0,0,0,0,0,0,0,0,0,0,0,0,0,0,
61,385,1084,0,0,0,0,0,0,0,0,0,0,0,0,0,0,
62,161,506,0,0,0,0,0,0,0,0,0,0,0,0,0,0,
63,207,609,0,0,0,0,0,0,0,0,0,0,0,0,0,0,
64,347,897,0,0,0,0,0,0,0,0,0,0,0,0,0,0,
65,212,586,0,0,0,0,0,0,0,0,0,0,0,0,0,0,
66,164,511,0,0,0,0,0,0,0,0,0,0,0,0,0,0,
67,3000,5504,0,0,0,0,0,0,0,0,0,0,0,0,0,0,
68,274,917,0,0,0,0,0,0,0,0,0,0,0,0,0,0,
69,132,453,0,0,0,0,0,0,0,0,0,0,0,0,0,0,
70,160,532,0,0,0,0,0,0,0,0,0,0,0,0,0,0,
71,166,523,0,0,0,0,0,0,0,0,0,0,0,0,0,0,
72,437,1095,0,0,0,0,0,0,0,0,0,0,0,0,0,0,
73,373,1040,0,0,0,0,0,0,0,0,0,0,0,0,0,0,
74,134,458,0,0,0,0,0,0,0,0,0,0,0,0,0,0,
75,100,352,0,0,0,0,0,0,0,0,0,0,0,0,0,0,
76,178,494,0,0,0,0,0,0,0,0,0,0,0,0,0,0,
77,505,1262,0,0,0,0,0,0,0,0,0,0,0,0,0,0,
78,121,465,0,0,0,0,0,0,0,0,0,0,0,0,0,0,
79,144,540,0,0,0,0,0,0,0,0,0,0,0,0,0,0,
80,122,402,0,0,0,0,0,0,0,0,0,0,0,0,0,0,
81,3000,4604,0,0,0,0,0,0,0,0,0,0,0,0,0,0,
82,493,1206,0,0,0,0,0,0,0,0,0,0,0,0,0,0,
83,200,649,0,0,0,0,0,0,0,0,0,0,0,0,0,0,
84,296,905,0,0,0,0,0,0,0,0,0,0,0,0,0,0,
85,3000,4800,0,0,0,0,0,0,0,0,0,0,0,0,0,0,
86,3000,5307,0,0,0,0,0,0,0,0,0,0,0,0,0,0,
87,197,742,0,0,0,0,0,0,0,0,0,0,0,0,0,0,
88,141,433,0,0,0,0,0,0,0,0,0,0,0,0,0,0,
89,243,716,0,0,0,0,0,0,0,0,0,0,0,0,0,0,
90,390,888,0,0,0,0,0,0,0,0,0,0,0,0,0,0,
91,3000,4885,0,0,0,0,0,0,0,0,0,0,0,0,0,0,
92,3000,5125,0,0,0,0,0,0,0,0,0,0,0,0,0,0,
93,269,1011,0,0,0,0,0,0,0,0,0,0,0,0,0,0,
94,331,820,0,0,0,0,0,0,0,0,0,0,0,0,0,0,
95,529,1406,0,0,0,0,0,0,0,0,0,0,0,0,0,0,
96,347,1060,0,0,0,0,0,0,0,0,0,0,0,0,0,0,
97,476,1265,0,0,0,0,0,0,0,0,0,0,0,0,0,0,
98,188,631,0,0,0,0,0,0,0,0,0,0,0,0,0,0,
99,3000,4776,0,0,0,0,0,0,0,0,0,0,0,0,0,0,
100,161,655,0,0,0,0,0,0,0,0,0,0,0,0,0,0,
101,105,431,0,0,0,0,0,0,0,0,0,0,0,0,0,0,
102,162,515,0,0,0,0,0,0,0,0,0,0,0,0,0,0,
103,223,716,0,0,0,0,0,0,0,0,0,0,0,0,0,0,
104,195,550,0,0,0,0,0,0,0,0,0,0,0,0,0,0,
105,303,787,0,0,0,0,0,0,0,0,0,0,0,0,0,0,
106,119,462,0,0,0,0,0,0,0,0,0,0,0,0,0,0,
107,306,819,0,0,0,0,0,0,0,0,0,0,0,0,0,0,
108,116,449,0,0,0,0,0,0,0,0,0,0,0,0,0,0,
109,185,583,0,0,0,0,0,0,0,0,0,0,0,0,0,0,
110,174,481,0,0,0,0,0,0,0,0,0,0,0,0,0,0,
111,113,370,0,0,0,0,0,0,0,0,0,0,0,0,0,0,
112,154,583,0,0,0,0,0,0,0,0,0,0,0,0,0,0,
113,135,495,0,0,0,0,0,0,0,0,0,0,0,0,0,0,
114,185,525,0,0,0,0,0,0,0,0,0,0,0,0,0,0,
115,128,449,0,0,0,0,0,0,0,0,0,0,0,0,0,0,
116,171,583,0,0,0,0,0,0,0,0,0,0,0,0,0,0,
117,131,438,0,0,0,0,0,0,0,0,0,0,0,0,0,0,
118,209,647,0,0,0,0,0,0,0,0,0,0,0,0,0,0,
119,194,586,0,0,0,0,0,0,0,0,0,0,0,0,0,0,
120,270,789,0,0,0,0,0,0,0,0,0,0,0,0,0,0,
121,147,510,0,0,0,0,0,0,0,0,0,0,0,0,0,0,
122,159,476,0,0,0,0,0,0,0,0,0,0,0,0,0,0,
123,166,535,0,0,0,0,0,0,0,0,0,0,0,0,0,0,
124,143,475,0,0,0,0,0,0,0,0,0,0,0,0,0,0,
125,103,419,0,0,0,0,0,0,0,0,0,0,0,0,0,0,
126,144,438,0,0,0,0,0,0,0,0,0,0,0,0,0,0,
127,187,612,0,0,0,0,0,0,0,0,0,0,0,0,0,0,
128,175,626,0,0,0,0,0,0,0,0,0,0,0,0,0,0,
129,174,616,0,0,0,0,0,0,0,0,0,0,0,0,0,0,
130,140,485,0,0,0,0,0,0,0,0,0,0,0,0,0,0,
131,160,489,0,0,0,0,0,0,0,0,0,0,0,0,0,0,
132,161,485,0,0,0,0,0,0,0,0,0,0,0,0,0,0,
133,111,399,0,0,0,0,0,0,0,0,0,0,0,0,0,0,
134,189,546,0,0,0,0,0,0,0,0,0,0,0,0,0,0,
135,170,608,0,0,0,0,0,0,0,0,0,0,0,0,0,0,
136,120,456,0,0,0,0,0,0,0,0,0,0,0,0,0,0,
137,139,435,0,0,0,0,0,0,0,0,0,0,0,0,0,0,
138,167,600,0,0,0,0,0,0,0,0,0,0,0,0,0,0,
139,139,449,0,0,0,0,0,0,0,0,0,0,0,0,0,0,
140,145,458,0,0,0,0,0,0,0,0,0,0,0,0,0,0,
141,137,528,0,0,0,0,0,0,0,0,0,0,0,0,0,0,
142,229,665,0,0,0,0,0,0,0,0,0,0,0,0,0,0,
143,119,438,0,0,0,0,0,0,0,0,0,0,0,0,0,0,
144,274,726,0,0,0,0,0,0,0,0,0,0,0,0,0,0,
145,122,493,0,0,0,0,0,0,0,0,0,0,0,0,0,0,
146,196,626,0,0,0,0,0,0,0,0,0,0,0,0,0,0,
147,143,456,0,0,0,0,0,0,0,0,0,0,0,0,0,0,
148,183,485,0,0,0,0,0,0,0,0,0,0,0,0,0,0,
149,131,495,0,0,0,0,0,0,0,0,0,0,0,0,0,0,
150,158,474,0,0,0,0,0,0,0,0,0,0,0,0,0,0,
151,3000,4934,0,0,0,0,0,0,0,0,0,0,0,0,0,0,
152,436,1366,0,0,0,0,0,0,0,0,0,0,0,0,0,0,
153,146,545,0,0,0,0,0,0,0,0,0,0,0,0,0,0,
154,117,449,0,0,0,0,0,0,0,0,0,0,0,0,0,0,
155,232,656,0,0,0,0,0,0,0,0,0,0,0,0,0,0,
156,376,1227,0,0,0,0,0,0,0,0,0,0,0,0,0,0,
157,474,1296,0,0,0,0,0,0,0,0,0,0,0,0,0,0,
158,3000,4717,0,0,0,0,0,0,0,0,0,0,0,0,0,0,
159,131,430,0,0,0,0,0,0,0,0,0,0,0,0,0,0,
160,125,465,0,0,0,0,0,0,0,0,0,0,0,0,0,0,
161,343,1193,0,0,0,0,0,0,0,0,0,0,0,0,0,0,
162,384,1108,0,0,0,0,0,0,0,0,0,0,0,0,0,0,
163,140,503,0,0,0,0,0,0,0,0,0,0,0,0,0,0,
164,313,925,0,0,0,0,0,0,0,0,0,0,0,0,0,0,
165,357,899,0,0,0,0,0,0,0,0,0,0,0,0,0,0,
166,238,744,0,0,0,0,0,0,0,0,0,0,0,0,0,0,
167,187,633,0,0,0,0,0,0,0,0,0,0,0,0,0,0,
168,3000,4881,0,0,0,0,0,0,0,0,0,0,0,0,0,0,
169,283,940,0,0,0,0,0,0,0,0,0,0,0,0,0,0,
170,282,889,0,0,0,0,0,0,0,0,0,0,0,0,0,0,
171,503,1456,0,0,0,0,0,0,0,0,0,0,0,0,0,0,
172,262,892,0,0,0,0,0,0,0,0,0,0,0,0,0,0,
173,168,607,0,0,0,0,0,0,0,0,0,0,0,0,0,0,
174,149,527,0,0,0,0,0,0,0,0,0,0,0,0,0,0,
175,3000,4817,0,0,0,0,0,0,0,0,0,0,0,0,0,0,
176,259,790,0,0,0,0,0,0,0,0,0,0,0,0,0,0,
177,323,894,0,0,0,0,0,0,0,0,0,0,0,0,0,0,
178,254,782,0,0,0,0,0,0,0,0,0,0,0,0,0,0,
179,194,656,0,0,0,0,0,0,0,0,0,0,0,0,0,0,
180,152,551,0,0,0,0,0,0,0,0,0,0,0,0,0,0,
181,3000,6708,0,0,0,0,0,0,0,0,0,0,0,0,0,0,
182,188,762,0,0,0,0,0,0,0,0,0,0,0,0,0,0,
183,243,855,0,0,0,0,0,0,0,0,0,0,0,0,0,0,
184,168,556,0,0,0,0,0,0,0,0,0,0,0,0,0,0,
185,451,1353,0,0,0,0,0,0,0,0,0,0,0,0,0,0,
186,152,593,0,0,0,0,0,0,0,0,0,0,0,0,0,0,
187,241,792,0,0,0,0,0,0,0,0,0,0,0,0,0,0,
188,222,723,0,0,0,0,0,0,0,0,0,0,0,0,0,0,
189,237,836,0,0,0,0,0,0,0,0,0,0,0,0,0,0,
190,3000,5200,0,0,0,0,0,0,0,0,0,0,0,0,0,0,
191,123,528,0,0,0,0,0,0,0,0,0,0,0,0,0,0,
192,3000,5297,0,0,0,0,0,0,0,0,0,0,0,0,0,0,
193,361,1441,0,0,0,0,0,0,0,0,0,0,0,0,0,0,
194,144,710,0,0,0,0,0,0,0,0,0,0,0,0,0,0,
195,388,1202,0,0,0,0,0,0,0,0,0,0,0,0,0,0,
196,499,1412,0,0,0,0,0,0,0,0,0,0,0,0,0,0,
197,149,525,0,0,0,0,0,0,0,0,0,0,0,0,0,0,
198,165,580,0,0,0,0,0,0,0,0,0,0,0,0,0,0,
199,321,856,0,0,0,0,0,0,0,0,0,0,0,0,0,0,
200,183,650,0,0,0,0,0,0,0,0,0,0,0,0,0,0,
201,154,483,0,0,0,0,0,0,0,0,0,0,0,0,0,0,
202,146,558,0,0,0,0,0,0,0,0,0,0,0,0,0,0,
203,249,773,0,0,0,0,0,0,0,0,0,0,0,0,0,0,
204,298,821,0,0,0,0,0,0,0,0,0,0,0,0,0,0,
205,122,433,0,0,0,0,0,0,0,0,0,0,0,0,0,0,
206,251,859,0,0,0,0,0,0,0,0,0,0,0,0,0,0,
207,180,614,0,0,0,0,0,0,0,0,0,0,0,0,0,0,
208,92,405,0,0,0,0,0,0,0,0,0,0,0,0,0,0,
209,163,515,0,0,0,0,0,0,0,0,0,0,0,0,0,0,
210,140,506,0,0,0,0,0,0,0,0,0,0,0,0,0,0,
211,137,481,0,0,0,0,0,0,0,0,0,0,0,0,0,0,
212,234,741,0,0,0,0,0,0,0,0,0,0,0,0,0,0,
213,294,823,0,0,0,0,0,0,0,0,0,0,0,0,0,0,
214,177,568,0,0,0,0,0,0,0,0,0,0,0,0,0,0,
215,210,661,0,0,0,0,0,0,0,0,0,0,0,0,0,0,
216,134,471,0,0,0,0,0,0,0,0,0,0,0,0,0,0,
217,187,596,0,0,0,0,0,0,0,0,0,0,0,0,0,0,
218,213,600,0,0,0,0,0,0,0,0,0,0,0,0,0,0,
219,116,446,0,0,0,0,0,0,0,0,0,0,0,0,0,0,
220,319,868,0,0,0,0,0,0,0,0,0,0,0,0,0,0,
221,187,644,0,0,0,0,0,0,0,0,0,0,0,0,0,0,
222,266,699,0,0,0,0,0,0,0,0,0,0,0,0,0,0,
223,139,424,0,0,0,0,0,0,0,0,0,0,0,0,0,0,
224,164,592,0,0,0,0,0,0,0,0,0,0,0,0,0,0,
225,236,750,0,0,0,0,0,0,0,0,0,0,0,0,0,0,
226,189,526,0,0,0,0,0,0,0,0,0,0,0,0,0,0,
227,108,363,0,0,0,0,0,0,0,0,0,0,0,0,0,0,
228,192,603,0,0,0,0,0,0,0,0,0,0,0,0,0,0,
229,211,741,0,0,0,0,0,0,0,0,0,0,0,0,0,0,
230,195,632,0,0,0,0,0,0,0,0,0,0,0,0,0,0,
231,180,563,0,0,0,0,0,0,0,0,0,0,0,0,0,0,
232,217,656,0,0,0,0,0,0,0,0,0,0,0,0,0,0,
233,109,440,0,0,0,0,0,0,0,0,0,0,0,0,0,0,
234,127,472,0,0,0,0,0,0,0,0,0,0,0,0,0,0,
235,179,576,0,0,0,0,0,0,0,0,0,0,0,0,0,0,
236,212,714,0,0,0,0,0,0,0,0,0,0,0,0,0,0,
237,115,407,0,0,0,0,0,0,0,0,0,0,0,0,0,0,
238,182,619,0,0,0,0,0,0,0,0,0,0,0,0,0,0,
239,270,727,0,0,0,0,0,0,0,0,0,0,0,0,0,0,
240,174,490,0,0,0,0,0,0,0,0,0,0,0,0,0,0,
241,141,469,0,0,0,0,0,0,0,0,0,0,0,0,0,0,
242,144,369,0,0,0,0,0,0,0,0,0,0,0,0,0,0,
243,176,664,0,0,0,0,0,0,0,0,0,0,0,0,0,0,
244,301,931,0,0,0,0,0,0,0,0,0,0,0,0,0,0,
245,152,505,0,0,0,0,0,0,0,0,0,0,0,0,0,0,
246,245,649,0,0,0,0,0,0,0,0,0,0,0,0,0,0,
247,181,630,0,0,0,0,0,0,0,0,0,0,0,0,0,0,
248,190,625,0,0,0,0,0,0,0,0,0,0,0,0,0,0,
249,216,683,0,0,0,0,0,0,0,0,0,0,0,0,0,0,
250,180,555,0,0,0,0,0,0,0,0,0,0,0,0,0,0,
251,3000,5067,0,0,0,0,0,0,0,0,0,0,0,0,0,0,
252,145,570,0,0,0,0,0,0,0,0,0,0,0,0,0,0,
253,159,576,0,0,0,0,0,0,0,0,0,0,0,0,0,0,
254,3000,4830,0,0,0,0,0,0,0,0,0,0,0,0,0,0,
255,3000,4590,0,0,0,0,0,0,0,0,0,0,0,0,0,0,
256,273,760,0,0,0,0,0,0,0,0,0,0,0,0,0,0,
257,209,679,0,0,0,0,0,0,0,0,0,0,0,0,0,0,
258,3000,5581,0,0,0,0,0,0,0,0,0,0,0,0,0,0,
259,217,679,0,0,0,0,0,0,0,0,0,0,0,0,0,0,
260,534,1428,0,0,0,0,0,0,0,0,0,0,0,0,0,0,
261,3000,5686,0,0,0,0,0,0,0,0,0,0,0,0,0,0,
262,506,1438,0,0,0,0,0,0,0,0,0,0,0,0,0,0,
263,177,643,0,0,0,0,0,0,0,0,0,0,0,0,0,0,
264,281,765,0,0,0,0,0,0,0,0,0,0,0,0,0,0,
265,204,628,0,0,0,0,0,0,0,0,0,0,0,0,0,0,
266,256,730,0,0,0,0,0,0,0,0,0,0,0,0,0,0,
267,123,428,0,0,0,0,0,0,0,0,0,0,0,0,0,0,
268,3000,4755,0,0,0,0,0,0,0,0,0,0,0,0,0,0,
269,252,806,0,0,0,0,0,0,0,0,0,0,0,0,0,0,
270,397,1324,0,0,0,0,0,0,0,0,0,0,0,0,0,0,
271,241,630,0,0,0,0,0,0,0,0,0,0,0,0,0,0,
272,327,894,0,0,0,0,0,0,0,0,0,0,0,0,0,0,
273,530,1641,0,0,0,0,0,0,0,0,0,0,0,0,0,0,
274,3000,4729,0,0,0,0,0,0,0,0,0,0,0,0,0,0,
275,206,721,0,0,0,0,0,0,0,0,0,0,0,0,0,0,
276,530,1491,0,0,0,0,0,0,0,0,0,0,0,0,0,0,
277,112,377,0,0,0,0,0,0,0,0,0,0,0,0,0,0,
278,212,644,0,0,0,0,0,0,0,0,0,0,0,0,0,0,
279,454,1205,0,0,0,0,0,0,0,0,0,0,0,0,0,0,
280,216,644,0,0,0,0,0,0,0,0,0,0,0,0,0,0,
281,3000,4965,0,0,0,0,0,0,0,0,0,0,0,0,0,0,
282,440,1179,0,0,0,0,0,0,0,0,0,0,0,0,0,0,
283,147,501,0,0,0,0,0,0,0,0,0,0,0,0,0,0,
284,330,882,0,0,0,0,0,0,0,0,0,0,0,0,0,0,
285,275,787,0,0,0,0,0,0,0,0,0,0,0,0,0,0,
286,413,1125,0,0,0,0,0,0,0,0,0,0,0,0,0,0,
287,272,755,0,0,0,0,0,0,0,0,0,0,0,0,0,0,
288,232,697,0,0,0,0,0,0,0,0,0,0,0,0,0,0,
289,245,677,0,0,0,0,0,0,0,0,0,0,0,0,0,0,
290,119,422,0,0,0,0,0,0,0,0,0,0,0,0,0,0,
291,155,484,0,0,0,0,0,0,0,0,0,0,0,0,0,0,
292,305,858,0,0,0,0,0,0,0,0,0,0,0,0,0,0,
293,3000,4504,0,0,0,0,0,0,0,0,0,0,0,0,0,0,
294,138,510,0,0,0,0,0,0,0,0,0,0,0,0,0,0,
295,454,1264,0,0,0,0,0,0,0,0,0,0,0,0,0,0,
296,303,800,0,0,0,0,0,0,0,0,0,0,0,0,0,0,
297,342,950,0,0,0,0,0,0,0,0,0,0,0,0,0,0,
298,136,522,0,0,0,0,0,0,0,0,0,0,0,0,0,0,
299,171,540,0,0,0,0,0,0,0,0,0,0,0,0,0,0,
300,152,471,0,0,0,0,0,0,0,0,0,0,0,0,0,0,
301,236,696,0,0,0,0,0,0,0,0,0,0,0,0,0,0,
302,142,487,0,0,0,0,0,0,0,0,0,0,0,0,0,0,
303,183,559,0,0,0,0,0,0,0,0,0,0,0,0,0,0,
304,432,1142,0,0,0,0,0,0,0,0,0,0,0,0,0,0,
305,199,579,0,0,0,0,0,0,0,0,0,0,0,0,0,0,
306,220,700,0,0,0,0,0,0,0,0,0,0,0,0,0,0,
307,171,551,0,0,0,0,0,0,0,0,0,0,0,0,0,0,
308,216,605,0,0,0,0,0,0,0,0,0,0,0,0,0,0,
309,179,518,0,0,0,0,0,0,0,0,0,0,0,0,0,0,
310,138,517,0,0,0,0,0,0,0,0,0,0,0,0,0,0,
311,193,636,0,0,0,0,0,0,0,0,0,0,0,0,0,0,
312,250,813,0,0,0,0,0,0,0,0,0,0,0,0,0,0,
313,178,553,0,0,0,0,0,0,0,0,0,0,0,0,0,0,
314,233,675,0,0,0,0,0,0,0,0,0,0,0,0,0,0,
315,236,678,0,0,0,0,0,0,0,0,0,0,0,0,0,0,
316,156,428,0,0,0,0,0,0,0,0,0,0,0,0,0,0,
317,336,836,0,0,0,0,0,0,0,0,0,0,0,0,0,0,
318,143,520,0,0,0,0,0,0,0,0,0,0,0,0,0,0,
319,156,536,0,0,0,0,0,0,0,0,0,0,0,0,0,0,
320,144,449,0,0,0,0,0,0,0,0,0,0,0,0,0,0,
321,175,591,0,0,0,0,0,0,0,0,0,0,0,0,0,0,
322,200,639,0,0,0,0,0,0,0,0,0,0,0,0,0,0,
323,229,752,0,0,0,0,0,0,0,0,0,0,0,0,0,0,
324,164,560,0,0,0,0,0,0,0,0,0,0,0,0,0,0,
325,232,693,0,0,0,0,0,0,0,0,0,0,0,0,0,0,
326,130,436,0,0,0,0,0,0,0,0,0,0,0,0,0,0,
327,177,402,0,0,0,0,0,0,0,0,0,0,0,0,0,0,
328,156,470,0,0,0,0,0,0,0,0,0,0,0,0,0,0,
329,143,455,0,0,0,0,0,0,0,0,0,0,0,0,0,0,
330,203,493,0,0,0,0,0,0,0,0,0,0,0,0,0,0,
331,229,651,0,0,0,0,0,0,0,0,0,0,0,0,0,0,
332,119,478,0,0,0,0,0,0,0,0,0,0,0,0,0,0,
333,153,553,0,0,0,0,0,0,0,0,0,0,0,0,0,0,
334,138,478,0,0,0,0,0,0,0,0,0,0,0,0,0,0,
335,156,517,0,0,0,0,0,0,0,0,0,0,0,0,0,0,
336,155,479,0,0,0,0,0,0,0,0,0,0,0,0,0,0,
337,198,542,0,0,0,0,0,0,0,0,0,0,0,0,0,0,
338,194,554,0,0,0,0,0,0,0,0,0,0,0,0,0,0,
339,178,509,0,0,0,0,0,0,0,0,0,0,0,0,0,0,
340,133,456,0,0,0,0,0,0,0,0,0,0,0,0,0,0,
341,114,423,0,0,0,0,0,0,0,0,0,0,0,0,0,0,
342,337,929,0,0,0,0,0,0,0,0,0,0,0,0,0,0,
343,203,631,0,0,0,0,0,0,0,0,0,0,0,0,0,0,
344,187,686,0,0,0,0,0,0,0,0,0,0,0,0,0,0,
345,158,512,0,0,0,0,0,0,0,0,0,0,0,0,0,0,
346,192,655,0,0,0,0,0,0,0,0,0,0,0,0,0,0,
347,153,504,0,0,0,0,0,0,0,0,0,0,0,0,0,0,
348,224,677,0,0,0,0,0,0,0,0,0,0,0,0,0,0,
349,293,701,0,0,0,0,0,0,0,0,0,0,0,0,0,0,
350,187,569,0,0,0,0,0,0,0,0,0,0,0,0,0,0,
351,3000,4469,0,0,0,0,0,0,0,0,0,0,0,0,0,0,
352,133,576,0,0,0,0,0,0,0,0,0,0,0,0,0,0,
353,143,518,0,0,0,0,0,0,0,0,0,0,0,0,0,0,
354,494,1261,0,0,0,0,0,0,0,0,0,0,0,0,0,0,
355,3000,4813,0,0,0,0,0,0,0,0,0,0,0,0,0,0,
356,157,617,0,0,0,0,0,0,0,0,0,0,0,0,0,0,
357,171,548,0,0,0,0,0,0,0,0,0,0,0,0,0,0,
358,501,1281,0,0,0,0,0,0,0,0,0,0,0,0,0,0,
359,185,545,0,0,0,0,0,0,0,0,0,0,0,0,0,0,
360,231,640,0,0,0,0,0,0,0,0,0,0,0,0,0,0,
361,290,706,0,0,0,0,0,0,0,0,0,0,0,0,0,0,
362,534,1469,0,0,0,0,0,0,0,0,0,0,0,0,0,0,
363,203,723,0,0,0,0,0,0,0,0,0,0,0,0,0,0,
364,176,627,0,0,0,0,0,0,0,0,0,0,0,0,0,0,
365,383,1082,0,0,0,0,0,0,0,0,0,0,0,0,0,0,
366,391,1005,0,0,0,0,0,0,0,0,0,0,0,0,0,0,
367,285,821,0,0,0,0,0,0,0,0,0,0,0,0,0,0,
368,3000,5909,0,0,0,0,0,0,0,0,0,0,0,0,0,0,
369,152,592,0,0,0,0,0,0,0,0,0,0,0,0,0,0,
370,176,619,0,0,0,0,0,0,0,0,0,0,0,0,0,0,
371,584,1542,0,0,0,0,0,0,0,0,0,0,0,0,0,0,
372,222,705,0,0,0,0,0,0,0,0,0,0,0,0,0,0,
373,163,583,0,0,0,0,0,0,0,0,0,0,0,0,0,0,
374,381,1090,0,0,0,0,0,0,0,0,0,0,0,0,0,0,
375,3000,5187,0,0,0,0,0,0,0,0,0,0,0,0,0,0,
376,314,951,0,0,0,0,0,0,0,0,0,0,0,0,0,0,
377,3000,4844,0,0,0,0,0,0,0,0,0,0,0,0,0,0,
378,139,537,0,0,0,0,0,0,0,0,0,0,0,0,0,0,
379,374,1116,0,0,0,0,0,0,0,0,0,0,0,0,0,0,
380,342,1062,0,0,0,0,0,0,0,0,0,0,0,0,0,0,
381,413,1075,0,0,0,0,0,0,0,0,0,0,0,0,0,0,
382,162,559,0,0,0,0,0,0,0,0,0,0,0,0,0,0,
383,3000,5563,0,0,0,0,0,0,0,0,0,0,0,0,0,0,
384,473,1277,0,0,0,0,0,0,0,0,0,0,0,0,0,0,
385,225,770,0,0,0,0,0,0,0,0,0,0,0,0,0,0,
386,349,860,0,0,0,0,0,0,0,0,0,0,0,0,0,0,
387,208,811,0,0,0,0,0,0,0,0,0,0,0,0,0,0,
388,266,798,0,0,0,0,0,0,0,0,0,0,0,0,0,0,
389,186,559,0,0,0,0,0,0,0,0,0,0,0,0,0,0,
390,226,662,0,0,0,0,0,0,0,0,0,0,0,0,0,0,
391,146,500,0,0,0,0,0,0,0,0,0,0,0,0,0,0,
392,3000,4873,0,0,0,0,0,0,0,0,0,0,0,0,0,0,
393,616,1402,0,0,0,0,0,0,0,0,0,0,0,0,0,0,
394,172,568,0,0,0,0,0,0,0,0,0,0,0,0,0,0,
395,3000,4478,0,0,0,0,0,0,0,0,0,0,0,0,0,0,
396,173,628,0,0,0,0,0,0,0,0,0,0,0,0,0,0,
397,141,538,0,0,0,0,0,0,0,0,0,0,0,0,0,0,
398,317,660,0,0,0,0,0,0,0,0,0,0,0,0,0,0,
399,103,380,0,0,0,0,0,0,0,0,0,0,0,0,0,0,
400,167,532,0,0,0,0,0,0,0,0,0,0,0,0,0,0,
