run_id,steps,wall_us,ops,solver_us,pivots,solver_work,exact_pivots,exact_work,comparisons,flips_drawn,flips_refused,certified,certificate_failures,false_witnesses,cost_units,run_units,left_to_concrete,conceded
1,248,2470,20956,188,16,1444,13,825,6,4,3,1,0,0,26.227669999999996,544.856,0,
2,339,2854,29303,153,20,1849,20,1849,11,4,1,3,0,0,39.224689999999995,761.8779999999999,0,
3,406,3346,30035,175,25,3499,23,3167,17,6,3,3,0,0,50.42303,780.91,0,
4,221,1863,19370,80,12,645,12,645,5,2,1,1,0,0,21.765449999999998,503.62,0,
5,317,2508,25504,85,28,1652,28,1652,5,2,0,2,0,0,51.34612,663.1039999999999,0,
6,359,3142,28683,215,18,2301,16,2039,16,3,1,2,0,0,34.77975,745.7579999999999,0,
7,281,2384,24467,175,20,1404,20,1404,8,6,0,6,0,0,37.52924,636.1419999999999,0,
8,354,2910,28537,128,40,2612,38,2563,10,4,1,3,0,0,71.92285,741.962,0,
9,417,3329,30080,167,41,3222,39,3052,11,3,1,2,0,0,75.53772,782.0799999999999,0,
10,480,3594,34033,211,55,4240,51,4082,16,10,3,7,0,0,99.71385999999998,884.858,0,
11,396,3198,28418,177,52,5794,52,5794,5,3,0,3,0,0,105.74313999999998,738.8679999999999,0,
12,585,4389,40437,230,41,5569,36,4804,24,10,5,5,0,0,79.52493999999999,1051.3619999999999,0,
13,343,2468,25565,90,27,1691,27,1691,6,3,1,2,0,0,49.885709999999996,664.6899999999999,0,
14,335,2618,26013,99,35,1780,35,1780,6,3,0,3,0,0,63.0968,676.338,0,
15,374,3003,28655,127,45,2966,43,2852,9,5,3,2,0,0,81.14564,745.03,0,
16,327,2581,26315,96,22,1769,19,1566,8,5,2,3,0,0,38.214,684.1899999999999,0,
17,304,2406,22977,95,24,1889,21,1727,12,5,2,3,0,0,41.997029999999995,597.4019999999999,0,
18,383,2906,27804,125,26,3322,26,3322,11,7,4,3,0,0,54.49081999999999,722.904,0,
19,385,2770,28582,109,38,2898,38,2898,9,3,0,3,0,0,72.18338,743.132,0,
20,376,2662,28861,98,32,2334,32,2334,7,5,3,2,0,0,60.380539999999996,750.386,0,
21,453,3635,36839,124,71,2977,71,2977,7,4,0,4,0,0,125.58136999999999,957.814,0,
22,286,2225,22296,73,11,1411,11,1411,12,3,0,3,0,0,23.07491,579.696,0,
23,563,4347,38201,245,50,5385,47,4816,20,7,2,5,0,0,96.08037999999999,993.226,0,
24,308,2501,25981,89,35,1423,35,1423,6,2,0,2,0,0,61.736630000000005,675.506,0,
25,484,3619,33318,171,40,3322,35,2667,11,7,3,4,0,0,69.64417,866.2679999999999,0,
26,340,2807,25024,120,22,2800,22,2800,13,4,0,4,0,0,46.065999999999995,650.624,0,
27,291,2137,22571,80,15,660,15,660,5,2,0,2,0,0,26.6496,586.846,0,
28,428,3287,31600,128,32,2474,32,2474,13,7,3,4,0,0,60.91394,821.5999999999999,0,
29,266,2364,21326,113,18,2536,13,1606,7,5,2,3,0,0,30.528259999999996,554.476,0,
30,288,2249,22978,123,20,1319,20,1319,10,4,1,3,0,0,37.205389999999994,597.428,0,
31,446,4008,32968,309,54,4695,54,4784,9,9,4,5,0,0,105.00801999999999,857.168,0,
32,324,2580,23578,126,32,3101,30,3042,10,6,1,5,0,0,60.887640000000005,613.028,0,
33,285,2383,24007,72,22,1119,22,1119,5,4,1,3,0,0,39.661390000000004,624.182,0,
34,415,2885,28121,92,39,2186,37,1680,5,3,1,2,0,0,67.48888,731.146,0,
35,309,2390,22334,110,32,2484,32,2484,10,4,1,3,0,0,60.95203999999999,580.684,0,
36,470,3579,32612,150,44,3710,44,3710,12,6,1,5,0,0,84.9311,847.9119999999999,0,
37,399,3334,34210,123,58,2109,58,2109,6,4,0,4,0,0,101.35729,889.4599999999999,0,
38,404,3173,27385,176,27,3168,23,2543,13,4,2,2,0,0,49.34933,712.01,0,
39,336,2588,23494,172,28,3883,29,3585,11,4,1,3,0,0,60.19248999999999,610.8439999999999,0,
40,571,4258,38957,188,42,4480,35,3278,24,16,7,9,0,0,73.57553999999999,1012.882,0,
41,481,3377,32127,132,23,2765,19,2521,15,8,3,5,0,0,42.379929999999995,835.3019999999999,0,
42,423,3309,29967,131,19,2074,19,2074,10,6,2,4,0,0,38.472939999999994,779.1419999999999,0,
43,390,3163,30686,249,67,4969,64,4859,8,4,1,3,0,0,123.05559,797.836,0,
44,310,2645,25893,117,25,1555,24,1428,10,6,2,4,0,0,44.685539999999996,673.218,0,
45,384,3082,28611,125,40,3907,22,2640,10,2,2,0,0,0,55.57346,743.886,0,
46,258,1894,20952,70,16,1234,16,1234,5,3,1,2,0,0,30.445539999999998,544.752,0,
47,248,1989,21789,76,14,1063,14,1063,5,4,2,2,0,0,26.57603,566.514,0,
48,346,2659,28433,101,38,2567,38,2567,6,3,0,3,0,0,70.92227,739.2579999999999,0,
49,335,2640,24671,112,34,2354,31,2143,6,3,2,1,0,0,59.72980999999999,641.446,0,
50,287,2263,23803,88,23,1711,23,1711,8,4,2,2,0,0,43.525909999999996,618.8779999999999,0,
51,385,2951,29797,106,27,2782,27,2782,9,3,0,3,0,0,54.04241999999999,774.722,0,
52,395,3086,30222,121,26,2116,22,1990,16,10,2,8,0,0,45.044579999999996,785.7719999999999,0,
53,322,2669,24723,210,51,4749,50,4426,4,4,0,4,0,0,98.17319999999998,642.798,0,
54,359,2388,24045,68,14,1024,14,1024,6,2,0,2,0,0,26.427439999999997,625.17,0,
55,306,2508,27346,99,26,1672,24,1640,10,6,2,4,0,0,45.86016,710.996,0,
56,269,2118,23650,100,15,1238,15,1238,5,4,2,2,0,0,28.851779999999998,614.9,0,
57,203,1558,17453,47,8,739,7,570,6,3,2,1,0,0,14.11312,453.77799999999996,0,
58,297,2292,25353,92,19,1570,17,1429,8,5,2,3,0,0,33.92187,659.178,0,
59,251,2104,21955,101,15,1176,14,1080,10,4,2,2,0,0,27.233079999999998,570.8299999999999,0,
60,350,2722,27933,158,38,3852,32,3134,11,3,3,0,0,0,67.14977999999999,726.2579999999999,0,
61,317,2308,24849,61,14,1072,14,1072,5,3,2,1,0,0,26.610319999999998,646.074,0,
62,273,2148,23699,62,15,1157,15,1157,6,3,1,2,0,0,28.543169999999996,616.174,0,
63,524,4381,37270,315,51,5252,49,5010,17,11,5,6,0,0,99.17266,969.02,0,
64,423,3269,32921,115,21,2623,21,2623,16,8,3,5,0,0,43.78263,855.9459999999999,0,
65,250,1866,21721,55,11,866,11,866,5,3,1,2,0,0,20.99846,564.746,0,
66,350,2881,28480,130,40,2110,40,2110,6,5,3,2,0,0,72.39909999999999,740.48,0,
67,360,2720,29681,84,38,1674,38,1674,6,3,0,3,0,0,67.51993999999999,771.706,0,
68,245,1941,20459,61,14,1190,14,1190,5,2,0,2,0,0,27.0599,531.934,0,
69,329,2414,24633,125,18,1766,17,1688,9,5,3,2,0,0,34.35532,640.458,0,
70,274,1976,23051,58,15,927,15,927,5,3,0,3,0,0,27.666869999999996,599.326,0,
71,344,2941,26322,158,34,2052,34,2052,8,2,0,2,0,0,62.524119999999996,684.372,0,
72,336,2548,25902,100,38,2324,34,2016,7,5,2,3,0,0,64.6664,673.452,0,
73,288,1845,22108,49,12,765,12,765,7,4,1,3,0,0,22.222649999999998,574.808,0,
74,363,2985,27964,155,34,2571,31,2431,7,6,3,3,0,0,60.743309999999994,727.064,0,
75,308,2564,26165,104,28,2111,28,2111,6,3,1,2,0,0,53.09491,680.29,0,
76,281,2139,22961,75,9,1068,8,937,7,3,2,1,0,0,17.07555,596.986,0,
77,421,3030,27845,118,32,3012,32,3012,6,1,0,1,0,0,62.963719999999995,723.9699999999999,0,
78,266,2220,21885,101,15,1573,14,1513,11,2,1,1,0,0,28.840329999999998,569.01,0,
79,239,2067,20286,104,15,1106,15,1106,5,2,1,1,0,0,28.34886,527.4359999999999,0,
80,281,2097,23307,52,12,910,12,910,6,2,0,2,0,0,22.7751,605.982,0,
81,268,2084,22485,63,20,1308,20,1308,7,5,2,3,0,0,37.16347999999999,584.61,0,
82,319,2551,26717,115,25,2037,22,1845,9,6,5,1,0,0,44.09101,694.6419999999999,0,
83,296,2374,22571,109,20,2334,18,2023,11,8,2,6,0,0,37.994609999999994,586.846,0,
84,352,2623,26665,122,42,3541,42,3541,10,5,0,5,0,0,81.06921,693.29,0,
85,531,3843,33647,172,43,4061,41,3879,13,7,4,3,0,0,81.92074999999998,874.822,0,
86,1141,8707,81777,479,207,10756,204,10462,16,5,1,4,0,0,369.88014,2126.2019999999998,0,
87,1016,8410,70719,433,161,10398,161,10398,18,9,3,6,0,0,298.66537999999997,1838.694,0,
88,386,2902,28763,143,38,2348,34,2010,10,6,4,2,0,0,64.67894,747.838,0,
89,576,4190,39325,207,48,4925,44,4619,19,9,6,3,0,0,90.67147,1022.4499999999999,0,
90,775,5767,53198,316,63,7254,54,6737,34,17,9,8,0,0,117.47503,1383.148,0,
91,8000,55533,488866,5421,1097,157781,834,93161,282,147,77,70,2,0,1899.0780099999997,12710.516,0,
92,277,2496,22867,96,18,1214,18,1214,8,3,1,2,0,0,33.58734,594.5419999999999,0,
93,8000,75161,522683,5909,1958,133921,1948,132996,16,7,3,4,1,0,3646.9282599999997,13589.758,0,
94,511,4205,35174,242,43,4477,40,4333,22,6,2,4,0,0,82.47565,914.524,0,
95,625,4791,43256,233,45,5147,37,4647,27,13,5,8,1,0,81.66006999999999,1124.656,0,
96,1124,8698,75218,424,154,11357,150,11123,18,9,2,7,0,0,285.92074999999994,1955.668,0,
97,8000,56049,467993,4416,1170,100101,1138,97787,113,53,25,28,0,0,2221.6689899999997,12167.818,0,
98,266,2312,23509,108,20,1237,19,1155,8,6,3,3,0,0,35.547309999999996,611.2339999999999,0,
99,8000,61354,470488,5241,1210,119648,1124,114668,276,137,63,74,0,0,2292.47148,12232.688,0,
100,8000,54207,468012,4241,1211,102047,1190,100264,74,29,13,16,0,0,2308.87878,12168.312,0,
101,316,2845,25265,105,35,1418,35,1418,5,2,0,2,0,0,61.71758,656.89,0,
102,839,6396,56432,350,120,9758,120,9438,16,7,3,4,0,0,229.41638,1467.232,0,
103,474,3831,34021,217,53,4177,51,4027,12,6,2,4,0,0,98.53687,884.5459999999999,0,
104,8000,59866,459839,5776,1270,128171,1215,124777,272,141,56,85,1,0,2460.68529,11955.814,0,
105,432,3642,30245,186,32,3033,32,2940,12,5,2,3,0,0,62.799139999999994,786.37,0,
106,483,3774,35461,240,51,5327,35,3711,19,12,7,5,0,0,80.02479,921.986,0,
107,1110,8275,72204,581,163,16083,152,14769,52,29,10,19,0,0,307.65740999999997,1877.3039999999999,0,
108,990,7473,70511,355,135,9125,130,8499,27,13,5,8,0,0,244.68487,1833.2859999999998,0,
109,249,2039,21476,93,16,956,16,956,4,2,1,1,0,0,29.386359999999996,558.376,0,
110,8000,56342,492187,5376,2199,129457,2134,125983,15,6,2,4,0,0,3948.83555,12796.862,0,
111,8000,55080,544828,3992,2245,88183,2249,88078,3,2,1,1,0,0,3952.4260799999997,14165.528,0,
112,401,3175,30457,111,40,1905,40,1905,5,3,1,2,0,0,71.61805,791.882,0,
113,386,3219,28621,192,29,2421,29,2421,12,6,0,6,0,0,55.885009999999994,744.146,0,
114,420,3005,33508,167,24,3852,16,2477,19,9,6,3,0,0,40.63587,871.208,0,
115,702,5477,44773,341,110,8177,99,7517,15,11,3,8,0,0,193.97857,1164.098,0,
116,591,4282,38473,181,35,3767,31,3543,24,13,4,9,0,0,65.55815,1000.298,0,
117,344,2241,24053,82,10,639,10,548,6,3,2,1,0,0,18.28526,625.3779999999999,0,
118,1027,7641,79354,340,216,7750,216,7750,10,6,0,6,0,0,377.07149999999996,2063.2039999999997,0,
119,408,2883,31547,85,32,1810,32,1810,4,2,0,2,0,0,58.3841,820.222,0,
120,990,8205,66695,523,115,11242,110,10934,45,20,6,14,0,0,221.40697999999998,1734.07,0,
121,426,3407,33712,153,37,3522,32,3120,15,10,3,7,0,0,66.24455999999999,876.512,0,
122,632,4836,47895,174,111,3607,111,3607,6,2,0,2,0,0,192.34167,1245.27,0,
123,355,2836,29153,116,24,1984,23,1838,14,6,3,3,0,0,44.66105999999999,757.978,0,
124,351,2753,25535,102,37,2364,37,2364,5,1,0,1,0,0,68.53984,663.91,0,
125,307,2478,25344,137,27,1749,26,1568,6,5,3,2,0,0,48.500659999999996,658.944,0,
126,8000,67186,495044,4506,1700,127916,1864,109390,15,8,4,4,1,0,3359.2565799999993,12871.144,0,
127,958,7917,72984,389,185,7779,183,7702,13,7,2,5,0,0,324.84047999999996,1897.5839999999998,0,
128,318,2661,23750,133,27,2430,26,2170,7,2,1,1,0,0,50.88749999999999,617.5,0,
129,564,4606,41008,335,82,8307,77,7147,17,11,4,7,0,0,154.88687,1066.2079999999999,0,
130,8000,55615,508077,4275,1844,110884,1843,110615,17,11,3,8,0,0,3387.6265699999994,13210.001999999999,0,
131,344,3056,27475,143,23,1823,23,1823,9,3,1,2,0,0,43.95263,714.35,0,
132,1411,11000,99063,647,141,16386,117,14355,76,39,19,20,0,0,256.83813,2575.638,0,
133,750,5842,56406,237,141,6019,141,6019,5,3,0,3,0,0,249.80138999999997,1466.556,0,
134,848,6274,58289,292,95,7437,87,6940,28,15,8,7,0,0,170.84285999999997,1515.514,0,
135,475,3524,34864,238,62,4430,62,4430,5,2,0,2,0,0,116.6363,906.4639999999999,0,
136,253,1904,20660,61,17,891,17,891,4,1,0,1,0,0,30.747709999999998,537.16,0,
137,246,2016,21405,69,9,1031,9,1031,6,5,3,2,0,0,18.40911,556.53,0,
138,1281,10892,84058,759,155,16506,147,15733,53,27,8,19,0,0,301.20986999999997,2185.508,0,
139,660,5150,46894,284,54,6386,52,6420,28,14,8,6,0,0,109.04607999999999,1219.244,0,
140,462,3340,35370,162,45,3648,44,3590,13,7,3,4,0,0,85.02134,919.62,0,
141,623,5084,44443,304,90,4827,90,4827,6,3,1,2,0,0,163.20086999999998,1155.518,0,
142,468,3871,33998,192,55,4300,55,4300,10,5,1,4,0,0,104.87799999999999,883.948,0,
143,359,3117,29208,169,38,2208,36,2167,8,5,3,2,0,0,67.18664999999999,759.408,0,
144,1156,10464,79176,894,121,14046,113,13448,62,31,13,18,0,0,237.59152,2058.576,0,
145,527,4303,37921,215,54,4531,52,4105,19,7,2,5,0,0,100.76872999999999,985.9459999999999,0,
146,483,3830,32981,229,47,4401,45,4571,19,12,4,8,0,0,90.57790999999999,857.506,0,
147,416,3278,31443,125,27,2964,26,2776,17,9,2,7,0,0,53.111399999999996,817.5179999999999,0,
148,696,6681,47568,726,88,8306,78,7328,25,13,5,8,0,0,159.36571999999998,1236.768,0,
149,539,4259,38174,175,51,4120,51,4120,5,1,0,1,0,0,97.75619999999999,992.524,0,
150,603,4602,45920,175,65,4135,63,4269,11,6,2,4,0,0,118.43176999999999,1193.9199999999998,0,
151,8000,65163,498198,6962,1966,169467,1891,163698,177,90,35,55,1,0,3709.0407999999998,12953.148,0,
152,637,5202,44666,269,43,4230,40,4133,21,11,4,7,0,0,81.65818999999999,1161.316,0,
153,8000,56170,486796,5012,1647,146714,1447,95198,61,31,14,17,0,0,2847.51626,12656.696,0,
154,8000,55833,487024,4582,1573,132195,1573,132195,12,3,0,3,0,0,3034.61995,12662.624,0,
155,436,3924,37672,180,33,2871,31,2775,19,11,5,6,0,0,61.52302999999999,979.472,0,
156,689,5462,48615,306,74,7423,71,7104,30,17,5,12,0,0,143.11865999999998,1263.99,0,
157,636,4755,43178,210,43,5424,37,4923,27,11,4,7,0,0,81.75480999999999,1122.628,0,
158,1084,8701,69675,682,152,13803,141,13973,43,26,8,18,0,0,285.17453,1811.55,0,
159,853,6684,61902,331,70,8323,66,8084,49,22,7,15,0,0,139.19206,1609.452,0,
160,265,2269,24069,113,16,1571,15,1450,8,5,2,3,0,0,30.28128,625.794,0,
161,8000,57981,468911,4376,1284,102581,1266,101225,86,51,15,36,0,0,2432.88333,12191.686,0,
162,689,5776,47120,297,72,6676,72,6676,23,9,0,9,0,0,141.28356,1225.12,0,
163,370,2633,24341,93,17,1743,16,1601,9,3,1,2,0,0,32.49037,632.866,0,
164,1060,8397,68327,519,171,22649,171,22649,11,7,0,7,0,0,361.43169,1776.502,0,
165,582,4591,39128,308,47,5418,46,5023,26,12,3,9,0,0,94.09672999999998,1017.328,0,
166,1406,9741,92133,658,166,25939,150,24027,69,35,18,17,0,0,342.81302999999997,2395.458,0,
167,291,2145,24769,58,14,912,14,912,5,3,1,2,0,0,26.000719999999998,643.9939999999999,0,
168,8000,54589,470495,4790,1231,101649,1206,99128,91,47,18,29,0,0,2333.08146,12232.869999999999,0,
169,968,8386,67009,532,168,12893,166,12765,15,9,5,4,0,0,316.83769,1742.234,0,
170,1064,8409,76701,410,208,10966,198,10194,26,16,10,6,0,0,363.1221,1994.2259999999999,0,
171,8000,53480,523997,4766,1847,137230,1838,136772,14,9,5,4,0,0,3483.2947599999998,13623.921999999999,0,
172,1129,8879,79004,615,108,12850,103,11613,56,27,10,17,0,0,213.82718999999997,2054.104,0,
173,780,6237,53483,333,89,7892,80,6766,19,9,2,7,0,0,160.13814,1390.558,0,
174,8000,53742,488487,3982,1521,107638,1521,107638,16,5,1,4,0,0,2857.3897799999995,12700.662,0,
175,8000,62078,498975,4571,1559,115323,1460,102898,115,54,29,25,0,0,2803.26388,12973.349999999999,0,
176,1052,9189,72672,531,167,12586,161,12259,31,21,8,13,0,0,309.01565,1889.472,0,
177,323,2642,25585,167,21,2318,19,2115,15,8,3,5,0,0,39.82669,665.2099999999999,0,
178,391,3084,31573,123,36,2602,34,2417,14,8,3,5,0,0,65.09107,820.8979999999999,0,
179,914,7151,65672,330,116,8342,115,8289,32,15,5,10,0,0,217.15762999999998,1707.472,0,
180,347,2411,25750,100,20,2039,17,1686,11,6,3,3,0,0,35.630199999999995,669.5,0,
181,8000,54732,460273,5516,1862,116757,1852,116001,23,18,7,11,0,0,3427.5138899999993,11967.098,0,
182,1124,8156,68997,580,128,20010,121,19050,53,21,9,12,0,0,271.7553,1793.922,0,
183,855,5772,66564,220,185,5837,185,5837,7,3,0,3,0,0,319.90396999999996,1730.664,0,
184,349,2811,28449,113,23,2175,17,1907,11,6,2,4,0,0,37.80891,739.674,0,
185,1104,8849,76801,605,155,13770,144,11896,37,16,9,7,0,0,284.50007999999997,1996.826,0,
186,8000,70940,509253,5603,1873,130780,1721,120951,59,31,11,20,0,0,3314.3185299999996,13240.578,0,
187,527,4649,37885,331,63,6177,58,5810,30,17,5,12,0,0,118.28615999999998,985.01,0,
188,911,8317,64411,422,143,8839,143,8839,10,5,0,5,0,0,263.76358999999997,1674.686,0,
189,8000,53720,542340,3578,2175,81730,2172,80819,11,4,2,2,0,0,3805.1803699999996,14100.84,0,
190,8000,65287,476278,8672,2145,181332,2126,171461,27,16,5,11,1,0,4094.7491899999995,12383.228,0,
191,327,2991,25315,116,25,1553,25,1553,6,2,0,2,0,0,46.141929999999995,658.1899999999999,0,
192,8000,57412,469168,5130,1769,112989,1755,112282,54,26,10,16,0,0,3259.12968,12198.367999999999,0,
193,8000,57962,474337,4847,1350,98836,1338,98059,55,26,11,15,0,0,2533.11165,12332.761999999999,0,
194,434,4049,32380,355,47,5165,40,4090,16,9,4,5,0,0,84.56439999999999,841.88,0,
195,930,8004,61695,618,169,13160,157,12666,17,9,4,5,0,0,307.20138,1604.07,0,
196,381,3158,29598,124,40,3240,40,3240,10,3,0,3,0,0,76.70439999999999,769.548,0,
197,8000,55120,471534,4491,1297,99045,1275,97498,81,44,24,20,0,0,2435.3058399999995,12259.884,0,
198,8000,55680,475614,4945,2058,141447,2051,141131,19,11,7,4,0,0,3841.49399,12365.964,0,
199,8000,59378,495614,4992,1032,98804,956,92926,218,103,53,50,0,0,1935.5920999999998,12885.964,0,
200,301,2803,25387,149,27,1694,25,1451,6,4,2,2,0,0,46.99805,660.062,0,
201,340,2862,24507,167,17,2113,17,2113,13,5,3,2,0,0,35.403529999999996,637.182,0,
202,8000,57610,509737,4398,1800,129045,1795,128732,13,8,4,4,0,0,3381.3882599999997,13253.162,0,
203,634,5201,44364,281,46,4834,35,4541,27,14,8,6,0,0,79.23094999999999,1153.464,0,
204,487,3691,35774,160,29,3767,28,3686,19,5,2,3,0,0,59.67023999999999,930.1239999999999,0,
205,8000,61410,474899,5375,1459,128429,1252,102719,213,124,46,78,0,0,2535.31819,12347.374,0,
206,8000,55844,464005,4709,1846,120168,1840,119702,11,9,5,4,1,0,3420.0485,12064.13,0,
207,573,5200,42195,357,65,7961,51,5148,28,16,11,5,0,0,111.69821999999999,1097.07,0,
208,8000,52275,465605,4105,1253,103857,1217,100820,75,39,21,18,0,0,2363.1048599999995,12105.73,0,
209,8000,43662,410659,3552,1211,90388,1194,89430,68,30,11,19,0,0,2271.1477399999994,10677.134,0,
210,1218,10448,81574,645,184,16504,162,13766,36,22,13,9,0,0,326.8753,2120.924,0,
211,520,3778,37360,164,28,3242,25,3006,21,10,6,4,0,0,53.393339999999995,971.3599999999999,0,
212,280,2389,24395,92,22,1566,22,1566,7,5,0,5,0,0,41.36446,634.27,0,
213,306,2531,27735,92,26,1932,26,1648,9,5,3,2,0,0,48.44799999999999,721.11,0,
214,356,2877,27137,116,21,2261,21,2261,16,8,2,6,0,0,42.403409999999994,705.562,0,
215,8000,56182,462952,5727,1857,123999,1816,121958,73,35,16,19,0,0,3408.65136,12036.751999999999,0,
216,823,6800,55293,387,94,7653,93,6970,16,6,2,4,0,0,177.47763999999998,1437.618,0,
217,890,7268,60283,408,87,10861,80,10230,47,22,11,11,0,0,171.79388,1567.358,0,
218,748,5839,52400,270,94,7201,94,7201,9,4,0,4,0,0,178.68180999999998,1362.3999999999999,0,
219,969,7158,66549,396,145,10496,136,10312,22,13,2,11,0,0,262.64083999999997,1730.274,0,
220,428,3302,28651,165,24,2216,24,2216,15,7,3,4,0,0,47.05896,744.9259999999999,0,
221,357,2815,29097,123,17,1969,17,1969,13,7,3,4,0,0,34.85489,756.5219999999999,0,
222,260,2031,21510,71,15,1027,15,1027,9,2,0,2,0,0,28.04787,559.26,0,
223,1076,8683,71636,548,132,11201,124,10437,25,18,9,9,0,0,244.01448999999997,1862.5359999999998,0,
224,550,4275,38791,213,76,5398,75,5290,9,3,1,2,0,0,141.43633999999997,1008.5659999999999,0,
225,552,4368,39417,196,61,4969,59,4853,17,4,2,2,0,0,114.51580999999999,1024.8419999999999,0,
226,8000,55180,465285,4420,1265,106351,1256,105798,52,23,8,15,0,0,2428.95792,12097.41,0,
227,8000,56084,459079,4441,1191,104114,1126,102639,126,64,26,38,1,0,2235.66409,11936.054,0,
228,277,2570,21812,138,19,2241,16,1340,11,3,1,2,0,0,33.349579999999996,567.112,0,
229,540,4277,41069,224,48,4555,45,4381,21,7,3,4,0,0,90.73893,1067.7939999999999,0,
230,819,6377,61658,290,136,6985,135,6939,7,4,1,3,0,0,244.18586999999997,1603.108,0,
231,343,2689,28111,87,35,1649,31,1421,6,5,1,4,0,0,57.478049999999996,730.886,0,
232,374,2662,25525,94,15,1939,14,1662,9,3,2,1,0,0,29.66408,663.65,0,
233,571,4331,40734,159,24,2673,24,2673,18,10,2,8,0,0,48.800129999999996,1059.084,0,
234,1094,7600,70050,450,107,9534,103,9041,32,16,7,9,0,0,202.67094999999998,1821.3,0,
235,249,1986,20768,82,20,1682,20,1495,5,2,0,2,0,0,38.09661,539.968,0,
236,280,2100,20585,90,13,1111,13,1111,6,3,1,2,0,0,25.149909999999995,535.2099999999999,0,
237,319,2054,23165,56,13,815,13,815,6,1,0,1,0,0,24.022149999999996,602.29,0,
238,1081,8590,73085,494,192,13198,190,13032,13,8,3,5,0,0,356.51579999999996,1900.2099999999998,0,
239,460,3448,32313,160,25,2660,19,2509,15,8,4,4,0,0,43.182469999999995,840.1379999999999,0,
240,588,3931,36495,149,26,3576,22,3128,15,8,3,5,0,0,49.76031999999999,948.87,0,
241,8000,46682,407295,4937,1496,107992,1460,106255,87,36,18,18,0,0,2773.2652099999996,10589.67,0,
242,942,7686,69803,410,188,8357,183,8006,16,9,5,4,0,0,327.75904,1814.878,0,
243,536,4579,40283,273,64,5713,64,5612,16,7,2,5,0,0,124.4769,1047.358,0,
244,354,2915,27981,143,24,2439,18,1813,15,10,5,5,0,0,39.48220999999999,727.506,0,
245,350,2913,29380,185,30,3042,27,2267,10,9,6,3,0,0,54.43177,763.88,0,
246,8000,30691,387637,3470,224,22341,223,18858,49,26,13,13,0,1,435.24492,10078.562,114,limit
247,420,3683,31964,167,23,2358,20,2240,18,10,6,4,0,0,42.290639999999996,831.064,0,
248,600,4953,41039,280,90,6893,89,6627,13,8,2,6,0,0,169.24275,1067.014,0,
249,8000,56525,486915,4499,1581,112885,1581,112885,9,4,0,4,0,0,2973.9208499999995,12659.789999999999,0,
250,825,6653,58497,336,99,8487,89,7246,22,11,6,5,0,0,177.06264,1520.922,0,
251,8000,60194,465774,6033,2128,132844,2116,132344,42,23,10,13,0,0,3915.2126399999997,12110.124,0,
252,353,3280,30077,158,38,1699,38,1580,5,5,2,3,0,0,67.30221999999999,782.002,0,
253,349,2566,27172,126,29,3183,22,2241,10,5,3,2,0,0,48.40077,706.472,0,
254,266,2319,24674,147,13,835,13,835,7,4,1,3,0,0,24.098349999999996,641.524,0,
255,471,3422,33443,130,31,2418,30,2345,13,6,1,5,0,0,57.769589999999994,869.5179999999999,0,
256,273,2232,23446,73,14,1232,14,1232,8,4,1,3,0,0,27.21992,609.596,0,
257,326,2650,26238,92,34,1768,34,1768,7,5,2,3,0,0,61.44207999999999,682.188,0,
258,299,2326,24116,114,27,2108,25,1893,6,2,1,1,0,0,48.649029999999996,627.016,0,
259,295,2357,25117,77,16,1471,16,1471,6,3,2,1,0,0,31.348509999999997,653.0419999999999,0,
260,497,3677,35647,141,37,3436,37,3436,12,5,0,5,0,0,72.62415999999999,926.822,0,
261,296,2271,24092,73,24,1132,24,1132,6,2,0,2,0,0,42.92891999999999,626.3919999999999,0,
262,384,2760,27709,130,24,2622,24,2622,12,6,1,5,0,0,48.605819999999994,720.434,0,
263,333,2368,26115,92,30,1703,30,1703,5,2,0,2,0,0,54.75843,678.99,0,
264,266,2103,23076,60,14,875,14,875,6,5,3,2,0,0,25.85975,599.976,0,
265,281,2314,24579,94,31,1745,31,1745,6,3,0,3,0,0,56.52744999999999,639.054,0,
266,395,2703,27632,76,29,1312,29,1312,6,1,0,1,0,0,51.65972,718.432,0,
267,352,2616,28935,101,21,2205,21,2205,13,6,3,3,0,0,42.19004999999999,752.31,0,
268,270,2252,22065,68,13,1183,13,1183,7,3,0,3,0,0,25.424229999999998,573.6899999999999,0,
269,281,2223,24988,98,16,1054,16,1054,6,4,2,2,0,0,29.759739999999997,649.688,0,
270,386,3033,30054,121,28,2598,27,2552,18,4,2,2,0,0,53.6994,781.404,0,
271,306,2240,25531,85,28,1576,28,1576,7,2,0,2,0,0,51.05656,663.8059999999999,0,
272,458,3156,30664,73,18,1173,18,1173,6,3,2,1,0,0,33.431129999999996,797.264,0,
273,367,3033,31423,171,31,3281,24,1937,13,9,6,3,0,0,50.93489,816.9979999999999,0,
274,470,3327,31793,1192,9,1017,8,720,6,2,1,1,0,0,16.44466,826.6179999999999,9,limit
275,288,2454,25086,90,16,1309,16,1309,7,4,2,2,0,0,30.731289999999998,652.236,0,
276,454,3354,35377,178,53,3549,53,3549,7,4,1,3,0,0,98.79869000000001,919.8019999999999,0,
277,352,2606,27548,103,25,1603,25,1603,11,7,2,5,0,0,46.33243,716.2479999999999,0,
278,515,3941,31961,151,34,3447,32,3375,16,5,1,4,0,0,65.38971,830.986,0,
279,444,3452,33562,132,48,2790,46,2712,10,7,4,3,0,0,85.39675999999999,872.612,0,
280,493,3894,35638,197,49,4939,41,4296,25,12,4,8,0,0,86.9275,926.588,0,
281,312,2450,25938,71,25,1440,25,1440,5,3,1,2,0,0,45.7114,674.3879999999999,0,
282,360,2774,28160,103,28,2276,28,2223,9,4,2,2,0,0,53.58417,732.16,0,
283,329,2690,26482,136,12,1787,12,1787,11,6,4,2,0,0,26.11647,688.5319999999999,0,
284,506,3618,36911,181,29,3808,28,3748,18,11,7,4,0,0,59.881679999999996,959.6859999999999,0,
285,297,2185,25605,58,19,975,19,975,6,5,2,3,0,0,34.28575,665.73,0,
286,377,2646,28595,140,34,1394,34,1394,6,3,0,3,0,0,60.01713999999999,743.4699999999999,0,
287,328,2608,24727,151,26,1886,26,1886,9,3,0,3,0,0,49.019659999999995,642.9019999999999,0,
288,286,2084,25038,66,20,1010,20,1010,4,3,1,2,0,0,36.0281,650.9879999999999,0,
289,414,2907,32707,88,46,1757,46,1757,7,3,1,2,0,0,80.70817,850.382,0,
290,319,2265,26471,66,29,1361,29,1361,8,6,2,4,0,0,51.84641,688.246,0,
291,508,3877,36643,160,47,3263,43,3725,15,8,2,6,0,0,84.75009,952.718,0,
292,499,3453,36942,125,46,2839,46,2839,14,8,2,6,0,0,84.83059,960.492,0,
293,273,2164,23765,85,16,1529,16,1529,9,3,1,2,0,0,31.569490000000002,617.89,0,
294,512,3555,36375,126,39,3041,37,2958,14,9,6,3,0,0,71.85892,945.75,0,
295,361,2646,29487,95,27,1284,27,1284,7,4,3,1,0,0,48.33503999999999,766.6619999999999,0,
296,316,2125,25768,78,7,694,7,694,6,4,3,1,0,0,13.90714,669.968,0,
297,418,3273,32320,191,27,3566,23,3048,19,9,6,3,0,0,51.14712,840.3199999999999,0,
298,416,3309,33767,167,33,2877,27,2555,20,14,7,7,0,0,56.43151,877.942,0,
299,552,4058,38862,204,42,6005,40,5701,29,12,5,7,0,0,87.39752999999999,1010.4119999999999,0,
300,333,2654,27787,92,21,1806,19,1673,12,6,4,2,0,0,38.06007,722.462,0,
301,365,2696,30032,91,22,1777,22,1777,10,3,0,3,0,0,42.16837,780.832,0,
302,239,1897,19926,49,16,881,16,881,7,1,0,1,0,0,29.100609999999996,518.076,0,
303,251,1986,20795,94,10,1134,8,1021,6,2,1,1,0,0,17.85335,540.67,0,
304,521,4137,40775,224,35,4341,31,3894,27,15,9,6,0,0,67.15859999999999,1060.1499999999999,0,
305,394,3133,31806,120,30,2736,30,2736,18,7,0,7,0,0,58.694160000000004,826.956,0,
306,384,3035,30125,106,23,2025,23,2025,13,5,2,3,0,0,44.722249999999995,783.25,0,
307,232,1780,20994,74,12,920,11,711,6,2,1,1,0,0,21.13353,545.8439999999999,0,
308,242,1888,20674,69,16,1259,14,929,6,4,2,2,0,0,27.412889999999997,537.524,0,
309,424,3549,32388,199,40,3061,40,3061,13,7,2,5,0,0,76.02241000000001,842.088,0,
310,413,2863,30298,203,48,4501,48,4501,9,3,0,3,0,0,94.38081,787.7479999999999,0,
311,443,3389,29772,189,32,2785,32,2785,12,4,0,4,0,0,62.09885,774.072,0,
312,335,2695,27684,97,25,2331,24,2253,10,5,3,2,0,0,47.77097,719.784,0,
313,432,2941,31857,145,27,2911,18,2277,18,11,7,4,0,0,42.69648999999999,828.2819999999999,0,
314,653,5080,47337,302,52,5932,51,5849,30,14,5,9,0,0,104.92062999999999,1230.762,0,
315,362,2786,29322,117,18,1690,18,1690,14,5,2,3,0,0,35.40089999999999,762.372,0,
316,562,4420,39600,258,43,5270,36,4041,25,14,10,4,0,0,78.12343,1029.6,0,
317,296,2212,23491,74,22,1466,22,1466,9,4,0,4,0,0,40.983459999999994,610.766,0,
318,254,2114,22239,104,20,1287,20,1287,7,5,3,2,0,0,37.08347,578.2139999999999,0,
319,351,2812,27113,112,49,2777,49,2777,7,3,0,3,0,0,89.42137,704.938,0,
320,360,2745,26396,136,27,2681,22,2144,13,3,2,1,0,0,46.5953,686.2959999999999,0,
321,298,2477,25578,123,32,1825,29,1412,6,2,1,1,0,0,53.965059999999994,665.028,0,
322,260,1882,22239,70,26,1499,26,1499,7,3,0,3,0,0,47.54518999999999,578.2139999999999,0,
323,428,3212,31136,130,48,3295,48,3295,9,4,0,4,0,0,89.78595,809.536,0,
324,282,2379,25682,116,23,1648,22,1253,7,7,4,3,0,0,41.11703,667.732,0,
325,274,2066,22401,94,10,913,9,719,6,2,2,0,0,0,17.92831,582.4259999999999,0,
326,270,2048,24073,76,12,837,11,729,7,2,1,1,0,0,21.082929999999998,625.898,0,
327,499,3675,36963,145,42,3571,42,3571,13,5,1,4,0,0,81.18350999999998,961.038,0,
328,361,2831,28364,97,43,2032,43,2032,5,3,1,2,0,0,76.92891999999999,737.4639999999999,0,
329,398,3279,32891,133,34,2444,34,2444,11,5,0,5,0,0,64.01763999999999,855.1659999999999,0,
330,268,2096,22150,58,15,1012,15,1012,6,2,0,2,0,0,27.99072,575.9,0,
331,323,2429,26486,91,31,1967,31,1967,8,6,2,4,0,0,57.37326999999999,688.636,0,
332,285,2055,24541,72,18,1343,18,1343,10,3,0,3,0,0,34.078829999999996,638.0659999999999,0,
333,299,2337,25495,62,25,1232,25,1232,5,3,2,1,0,0,44.91892,662.87,0,
334,370,2647,29293,111,23,2228,19,1910,15,8,5,3,0,0,40.13934,761.6179999999999,0,
335,426,2574,27410,79,7,895,7,895,7,3,2,1,0,0,14.672949999999998,712.66,0,
336,468,3655,34999,154,33,3206,23,2523,23,13,7,6,0,0,52.21556999999999,909.9739999999999,0,
337,8000,61398,463661,4915,1389,119304,1329,117307,206,105,42,63,0,0,2616.39713,12055.186,0,
338,494,4129,35240,218,46,3684,45,3727,14,8,4,4,0,0,87.03312999999999,916.24,0,
339,391,3057,30595,105,32,2297,32,2297,11,6,1,5,0,0,60.23957,795.4699999999999,0,
340,270,2193,22392,91,15,1036,15,1036,7,4,2,2,0,0,28.08216,582.192,0,
341,8000,54854,505998,4483,1779,112736,1778,111664,19,13,8,5,0,0,3287.9858,13155.947999999999,0,
342,498,4055,36785,268,27,3284,22,2797,23,16,9,7,0,0,49.02423,956.41,0,
343,352,2709,26438,125,15,1689,15,1689,10,6,2,4,0,0,30.57009,687.3879999999999,0,
344,294,2410,24579,66,12,1145,12,1145,6,3,2,1,0,0,23.67045,639.054,0,
345,467,3369,36524,145,31,2912,31,2912,22,14,3,11,0,0,60.97371999999999,949.6239999999999,0,
346,741,5727,52260,294,109,6896,101,6511,23,14,5,9,0,0,191.60220999999999,1358.76,0,
347,373,3153,30553,169,37,3030,32,2219,11,5,3,2,0,0,63.29437,794.3779999999999,0,
348,962,8371,70525,488,174,9595,159,9163,13,9,3,6,0,0,298.43679,1833.6499999999999,0,
349,438,3549,33454,171,45,2671,45,2671,8,2,1,1,0,0,82.58151,869.804,0,
350,375,3019,32535,104,37,2374,34,2118,10,5,4,1,0,0,64.51465999999999,845.91,0,
351,1004,8652,64025,559,79,9732,72,9284,42,21,10,11,0,0,155.10168,1664.6499999999999,0,
352,8000,63817,456547,5303,1444,122300,1378,117730,172,81,28,53,0,0,2702.7599,11870.222,0,
353,377,3363,28796,287,44,2855,39,2513,13,6,3,3,0,0,75.12409,748.6959999999999,0,
354,694,5571,48718,292,78,6526,78,6526,6,3,1,2,0,0,150.36605999999998,1266.668,0,
355,306,2503,25210,114,21,1754,17,1435,8,5,2,3,0,0,35.11277,655.4599999999999,0,
356,287,2133,23414,105,19,1574,15,1217,7,5,2,3,0,0,31.109029999999997,608.764,0,
357,368,2922,32539,148,43,3074,39,2234,7,3,1,2,0,0,74.16974,846.014,0,
358,680,5366,47059,289,57,6548,52,5896,23,13,6,7,0,0,109.29611999999999,1223.5339999999999,0,
359,459,3465,36619,159,51,3384,49,3249,17,11,3,8,0,0,92.33699,952.0939999999999,0,
360,313,2435,26584,103,15,1177,13,1037,10,8,4,4,0,0,25.991169999999997,691.184,0,
361,368,2961,28023,97,28,1975,28,1975,7,5,3,2,0,0,52.57674999999999,728.598,0,
362,581,4846,40863,317,66,8631,63,8439,17,9,4,5,0,0,135.18315,1062.4379999999999,0,
363,294,2391,25063,73,20,1272,20,1272,8,4,0,4,0,0,37.02632,651.6379999999999,0,
364,374,2792,27302,102,27,2409,21,1424,10,3,3,0,0,0,43.25073999999999,709.852,0,
365,1047,9858,69994,925,208,17900,185,15739,22,13,3,10,1,0,371.19757,1819.8439999999998,0,
366,989,7526,66421,404,98,11155,88,10138,38,17,6,11,0,0,186.20783999999998,1726.946,0,
367,1098,8372,76351,431,162,10787,162,10473,23,13,9,4,0,0,300.93065,1985.126,0,
368,354,2830,27965,105,48,1925,48,1925,6,2,0,2,0,0,84.56624999999998,727.0899999999999,0,
369,398,3009,31215,146,34,2795,31,2354,14,9,4,5,0,0,60.805119999999995,811.5899999999999,0,
370,8000,72060,478317,5495,1388,111020,1711,98101,52,28,13,15,1,1,2987.29123,12436.242,0,
371,876,7428,59792,441,105,8751,100,8451,21,9,6,3,0,0,195.84731,1554.5919999999999,0,
372,365,2893,30869,156,26,2135,24,1683,13,10,5,5,0,0,46.51959,802.5939999999999,0,
373,8000,54381,513716,4123,1934,125858,1929,125470,12,7,2,5,0,0,3584.65454,13356.616,0,
374,527,4538,40266,258,67,4680,64,4054,15,5,2,3,0,0,120.59741999999999,1046.916,0,
375,536,4175,36840,170,66,4470,66,4470,6,1,0,1,0,0,123.2247,957.8399999999999,0,
376,1027,8645,71200,649,130,12710,118,11903,36,18,9,9,0,0,241.91268999999997,1851.1999999999998,0,
377,1079,8471,68899,382,87,9075,84,8756,32,14,6,8,0,0,170.32977999999997,1791.374,0,
378,311,2525,23631,130,25,2434,19,1526,10,5,2,3,0,0,40.3305,614.406,0,
379,669,5252,47401,340,94,5785,92,6672,11,5,1,4,0,0,173.35966,1232.426,0,
380,614,4779,43111,230,69,6268,66,6116,12,4,2,2,0,0,131.11232,1120.886,0,
381,634,4711,46099,246,104,8696,104,8696,9,3,0,3,0,0,200.46776,1198.5739999999998,0,
382,340,2641,27237,106,31,2447,27,2256,9,3,2,1,0,0,54.179739999999995,708.1619999999999,0,
383,381,2992,30725,112,34,2223,34,2223,11,5,2,3,0,0,63.17563,798.8499999999999,0,
384,664,5174,48989,237,102,6172,96,5581,16,8,2,6,0,0,179.29899,1273.714,0,
385,333,2544,26583,94,23,1873,23,1873,7,4,1,3,0,0,44.14313,691.158,0,
386,929,7149,59964,417,134,9889,133,9840,12,7,4,3,0,0,252.02421999999999,1559.0639999999999,0,
387,360,2987,30960,100,36,2350,36,2350,8,7,2,5,0,0,66.87749999999998,804.9599999999999,0,
388,654,4708,45727,266,123,12244,123,12244,15,9,0,9,0,0,244.55664,1188.902,0,
389,537,4030,38371,229,50,5249,41,4252,24,14,7,7,0,0,87.65657999999999,997.646,0,
390,495,3334,33691,150,32,3389,32,3389,15,6,0,6,0,0,64.40009,875.966,0,
391,326,2354,25839,67,27,1199,27,1199,6,1,0,1,0,0,48.01119,671.814,0,
392,310,2487,24986,98,35,1914,35,1914,7,3,1,2,0,0,63.60734,649.636,0,
393,1104,8527,73770,407,139,12592,137,11501,12,8,3,5,0,0,266.49719,1918.02,0,
394,571,4124,41469,164,43,3930,40,3884,18,9,3,6,0,0,80.64931999999999,1078.194,0,
395,940,8025,63066,447,131,11862,126,11467,27,16,7,9,0,0,249.28437,1639.716,0,
396,8000,52981,487016,3853,1080,91311,1007,87492,172,85,45,40,0,0,1993.0809399999998,12662.416,0,
397,300,2738,24486,100,23,1267,23,1267,7,4,2,2,0,0,41.834270000000004,636.636,0,
398,385,2890,27316,113,38,1960,36,1900,9,3,2,1,0,0,66.19179999999999,710.216,0,
399,380,2720,28578,88,17,1714,17,1714,14,4,0,4,0,0,33.88334,743.028,0,
400,313,2736,25559,134,22,2384,15,1542,6,4,2,2,0,0,34.356579999999994,664.534,0,
401,1078,7635,69057,514,101,11108,84,10165,34,18,10,8,0,0,183.14038999999997,1795.482,0,
402,421,3728,32757,227,35,2497,35,2440,12,10,6,4,0,0,65.67866,851.682,0,
403,354,2702,27766,120,23,1918,23,1918,9,6,1,5,0,0,44.31458,721.9159999999999,0,
404,665,5131,49043,258,90,6760,83,6252,19,6,3,3,0,0,161.31956,1275.118,0,
405,8000,57273,507120,4595,1612,131849,1610,131777,8,5,2,3,0,0,3093.60333,13185.119999999999,0,
406,842,6968,63550,371,149,7296,147,6990,7,6,2,4,0,0,264.47398,1652.3,0,
407,1078,8258,72233,476,166,12474,160,12120,20,7,3,4,0,0,306.90892,1878.058,0,
408,517,4756,36907,262,43,3591,43,3591,20,13,5,8,0,0,82.86870999999998,959.582,0,
409,506,3483,32629,141,29,2642,29,2642,13,6,3,3,0,0,56.727019999999996,848.3539999999999,0,
410,414,2984,28284,114,38,2434,38,2434,10,4,0,4,0,0,70.41554,735.384,0,
411,475,3837,33995,209,40,2969,39,2726,12,6,2,4,0,0,73.9028,883.87,0,
412,300,2152,21924,73,19,1549,18,1349,6,4,1,3,0,0,34.816689999999994,570.024,0,
413,377,3092,28452,149,33,2949,34,2471,6,4,2,2,0,0,64.20554999999999,739.752,0,
414,8000,52541,465786,5843,1794,297541,1787,309407,14,7,5,2,0,0,4043.4747899999998,12110.436,0,
415,410,3708,32565,154,60,2260,60,2260,8,4,1,3,0,0,105.15059999999998,846.6899999999999,0,
416,411,3100,31045,147,16,1455,16,1455,9,5,2,3,0,0,31.28755,807.17,0,
417,262,2074,23054,120,21,1280,19,1123,6,5,3,2,0,0,35.99289,599.404,0,
418,8000,54842,531022,4101,2209,111082,2209,111082,1,1,0,1,0,0,3977.5034199999996,13806.572,0,
419,402,3629,30870,190,31,2709,31,2709,11,4,1,3,0,0,60.200289999999995,802.62,0,
420,1194,9057,78967,767,157,17278,147,16255,56,26,13,13,0,0,304.45169,2053.142,0,
421,429,3327,31439,122,37,2676,37,2676,11,8,2,6,0,0,69.72855999999999,817.414,0,
422,288,2225,23802,88,25,1466,25,1466,8,3,1,2,0,0,45.81045999999999,618.852,0,
423,617,4402,43432,206,35,4714,26,3870,30,15,8,7,0,0,61.885619999999996,1129.232,0,
424,433,3357,31204,208,49,4301,45,3490,8,5,3,2,0,0,88.57487999999998,811.304,0,
425,8000,62905,551387,4421,1893,145189,1892,145067,12,9,3,6,0,0,3597.5562299999992,14336.062,0,
426,8000,66866,474395,5942,1550,136834,1809,113204,61,35,15,20,1,0,3245.8106399999997,12334.269999999999,0,
427,440,3740,33261,207,20,2196,20,1974,14,7,3,4,0,0,39.9629,864.786,0,
428,8000,55742,535918,4587,2281,94620,2279,94385,5,3,2,1,0,0,4027.75315,13933.867999999999,0,
429,8000,55396,500733,4333,1708,136842,1701,136354,8,4,3,1,0,0,3260.34658,13019.057999999999,0,
430,369,3726,29978,223,36,2401,36,2401,12,6,2,4,0,0,67.07180999999999,779.428,0,
431,384,3144,28323,182,44,5328,44,4929,12,3,0,3,0,0,90.04630999999999,736.3979999999999,0,
432,722,5588,54579,249,150,6930,150,6930,11,2,0,2,0,0,267.75329999999997,1419.0539999999999,0,
433,8000,56367,475856,5161,1098,119788,991,110905,315,141,62,79,0,0,2078.80199,12372.256,0,
434,8000,50689,511073,4879,1847,127190,1845,127061,16,8,3,5,0,0,3453.81763,13287.898,0,
435,951,8144,65732,453,158,10883,156,10639,14,5,1,4,0,0,292.78451,1709.032,0,
436,320,2566,25583,100,20,1289,20,1289,9,6,1,5,0,0,37.09109,665.158,0,
437,8000,62404,497921,4824,1772,127339,1702,122809,56,30,11,19,0,0,3245.2956899999995,12945.946,0,
438,336,3118,29535,152,26,1754,24,1673,8,4,2,2,0,0,46.04371,767.91,0,
439,662,5230,45919,338,51,6858,41,5361,27,12,7,5,0,0,92.95087,1193.894,0,
440,8000,66663,528799,6940,2263,108235,2155,97392,47,22,5,17,2,1,3902.98526,13748.774,0,
441,8000,63303,470720,8424,1657,199265,1536,174138,211,100,46,54,1,0,3222.49864,12238.72,0,
442,1010,8854,68431,514,106,10909,92,10474,33,21,8,13,0,0,195.15323999999998,1779.206,0,
443,300,2379,25421,76,16,1290,14,1226,11,2,1,1,0,0,28.23058,660.946,0,
444,1250,9565,87192,458,168,11797,163,11599,24,12,5,7,0,0,309.08782999999994,2266.9919999999997,0,
445,566,4510,42947,181,47,3626,45,3583,17,8,4,4,0,0,87.06496999999999,1116.6219999999998,0,
446,317,2614,26715,132,17,1692,16,1454,11,8,3,5,0,0,32.04358,694.5899999999999,0,
447,269,1946,22265,71,11,1042,11,1042,9,4,1,3,0,0,21.66902,578.89,0,
448,346,2773,28621,103,23,1976,20,1685,11,5,2,3,0,0,40.38023,744.146,0,
449,1535,11628,96332,725,173,16726,163,15846,60,28,7,21,0,0,328.46866,2504.632,0,
450,8000,56542,462032,5281,1307,120552,1252,116365,265,138,46,92,0,0,2489.1043099999997,12012.832,0,
451,524,4432,36006,361,62,4906,62,4906,10,7,3,4,0,0,118.44986,936.156,0,
452,8000,55207,497529,4873,2019,213844,2016,213467,18,10,6,4,0,0,4058.93513,12935.753999999999,0,
453,1184,10245,80828,591,170,11804,166,11334,26,7,3,4,0,0,312.74714,2101.528,0,
454,381,3264,30944,142,46,2382,46,2382,8,4,1,3,0,0,83.08942,804.544,0,
455,8000,54966,532619,4357,2132,86717,2132,86717,10,2,0,2,0,0,3760.7797699999996,13848.094,0,
456,8000,58962,438263,4616,1695,132595,1639,104221,33,19,7,12,0,0,3094.5383300000003,11394.838,0,
457,952,7698,63622,448,122,8529,122,8529,10,5,3,2,0,0,228.79349,1654.172,0,
458,8000,53115,478384,3896,1414,99556,1407,98900,47,26,12,14,0,0,2644.79908,12437.983999999999,0,
459,8000,56800,463565,5152,1316,113540,1247,108994,201,99,45,54,0,0,2460.10542,12052.689999999999,0,
460,8000,57760,480474,4994,1890,124337,1887,124064,10,6,4,2,0,0,3510.6259800000003,12492.323999999999,0,
461,1043,8751,70104,468,94,10244,83,9884,37,20,12,8,0,0,176.89883999999998,1822.704,0,
462,946,7250,67611,327,118,9052,118,9052,11,8,1,7,0,0,224.35011999999998,1757.886,0,
463,1051,7824,68818,373,112,10435,105,9808,18,8,3,5,0,0,210.40633999999997,1789.268,0,
464,8000,33685,375970,4113,301,21614,281,19652,15,6,4,2,1,0,538.89828,9775.22,185,limit
465,8000,66898,481699,5686,1370,123970,1519,110178,124,55,27,28,2,0,2808.75274,12524.173999999999,0,
466,8000,56811,470175,5474,1194,102084,1158,100123,149,71,29,42,0,0,2264.2486099999996,12224.55,0,
467,332,3129,27210,150,24,2076,23,1952,10,5,2,3,0,0,45.06944,707.4599999999999,0,
468,305,2190,20603,74,18,1431,18,1431,5,0,0,0,0,0,34.41411,535.678,0,
469,520,4080,41639,194,28,5004,25,4994,29,10,5,5,0,0,60.700939999999996,1082.614,0,
470,423,3548,34757,172,44,3353,28,2323,8,5,3,2,0,0,62.78203,903.6819999999999,0,
471,8000,77968,499630,5588,1741,109462,1966,101887,20,15,8,7,1,0,3452.64697,12990.38,0,
472,1013,9072,66962,691,152,13527,139,12794,32,20,9,11,0,0,279.48807999999997,1741.012,0,
473,477,3510,36482,160,56,3046,53,2804,11,5,3,2,0,0,97.6828,948.5319999999999,0,
474,570,3897,35437,202,35,3720,31,3428,24,11,4,7,0,0,65.20024,921.362,0,
475,358,2928,29727,138,28,2158,28,2158,9,6,3,3,0,0,53.273979999999995,772.9019999999999,0,
476,835,6473,56576,329,133,9856,133,9856,8,4,1,3,0,0,251.54835999999997,1470.9759999999999,0,
477,1308,10567,84602,598,158,15361,146,14154,61,35,18,17,0,0,296.01300000000003,2199.652,0,
478,782,5911,54969,267,95,6881,94,6825,11,6,2,4,0,0,177.79432999999997,1429.194,0,
479,532,3710,34437,99,26,2394,24,2254,13,8,1,7,0,0,48.32693999999999,895.362,0,
480,414,3227,34182,124,36,2377,36,2377,15,8,2,6,0,0,66.98037,888.732,0,
481,8000,42995,413975,3608,1419,96602,1411,96211,27,13,6,7,0,0,2641.15629,10763.35,0,
482,366,3231,28324,247,23,1869,21,1681,13,7,4,3,0,0,41.37345,736.424,0,
483,246,2152,21781,106,14,866,14,866,6,3,1,2,0,0,25.82546,566.3059999999999,0,
484,768,6256,55412,400,105,7490,102,6992,18,10,2,8,0,0,192.78215999999998,1440.712,0,
485,526,4143,40942,164,55,3268,55,3268,16,9,1,8,0,0,100.94608,1064.492,0,
486,887,6993,66494,319,165,8232,165,8232,11,5,1,4,0,0,296.84892,1728.8439999999998,0,
487,348,2923,27524,236,22,2547,25,2662,15,8,3,5,0,0,48.79452,715.624,0,
488,266,2100,22922,69,14,1237,14,1024,8,4,2,2,0,0,26.678779999999996,595.972,0,
489,875,6051,59899,357,173,13679,173,13679,12,3,0,3,0,0,330.47398999999996,1557.374,0,
490,492,3946,36363,210,36,3197,35,2995,19,11,4,7,0,0,68.44331,945.438,0,
491,388,3307,31314,153,31,2830,27,2295,11,4,2,2,0,0,54.73425,814.164,0,
492,437,3444,32981,176,44,4354,42,4211,19,9,2,7,0,0,84.74865,857.506,0,
493,261,2180,25411,100,16,962,14,846,9,3,1,2,0,0,26.84414,660.6859999999999,0,
494,1098,8291,74493,447,122,12465,110,11601,42,23,12,11,0,0,227.95732999999996,1936.818,0,
495,293,2186,23173,79,17,1256,14,1041,9,7,5,2,0,0,28.182909999999996,602.4979999999999,0,
496,8000,149471,417575,6616,737,86205,737,85521,52,28,12,16,1,0,1512.4751299999998,10856.949999999999,115,limit
497,893,7423,60475,436,126,7973,126,7973,23,9,2,7,0,0,233.11112999999997,1572.35,0,
498,789,6492,57203,347,104,8320,96,7560,27,10,3,7,0,0,187.9964,1487.278,0,
499,352,2959,28924,125,40,1996,38,1870,9,5,1,4,0,0,69.37338,752.024,0,
500,429,3400,34799,121,20,2128,19,2017,18,8,5,3,0,0,38.86575,904.774,0,
501,287,2184,23201,68,17,948,17,948,5,2,0,2,0,0,30.964879999999997,603.226,0,
502,8000,62809,484407,5471,1807,127089,1647,117806,126,58,19,39,0,0,3186.4578,12594.581999999999,0,
503,8000,53057,476731,4011,1463,123555,1453,122764,26,13,7,6,0,0,2811.33122,12395.006,0,
504,325,2824,28026,130,13,1345,13,1345,7,4,3,1,0,0,26.041449999999998,728.6759999999999,0,
505,272,2322,22965,95,11,1520,11,1520,11,4,2,2,0,0,23.490199999999998,597.0899999999999,0,
506,422,3291,35353,105,18,2116,18,2116,11,5,1,4,0,0,37.023959999999995,919.178,0,
507,312,2624,26825,131,16,1624,16,1624,10,7,4,3,0,0,31.93144,697.4499999999999,0,
508,345,2705,29927,94,36,2075,36,2075,6,3,0,3,0,0,65.82974999999999,778.102,0,
509,297,2245,24093,66,15,1351,14,1161,10,3,2,1,0,0,27.652609999999996,626.418,0,
510,408,3010,28867,117,27,2382,25,2232,11,5,2,3,0,0,49.86391999999999,750.5419999999999,0,
511,603,4496,44187,195,50,4168,47,3924,16,9,5,4,0,0,92.29836,1148.8619999999999,0,
512,366,2944,31230,137,35,1999,35,1999,7,4,1,3,0,0,63.93119,811.98,0,
513,495,3902,35236,192,35,3316,33,3265,17,6,2,4,0,0,66.55483,916.136,0,
514,385,2708,30241,121,17,1392,14,1003,8,6,3,3,0,0,28.243449999999996,786.266,0,
515,296,2364,25372,53,11,816,11,816,5,1,0,1,0,0,20.80796,659.672,0,
516,671,5317,52046,253,46,6328,38,5567,35,15,8,7,0,0,87.08225,1353.196,0,
517,483,4305,36753,258,41,4358,33,3490,21,10,3,7,0,0,71.25013999999999,955.578,0,
518,690,6207,48338,339,56,5918,54,5824,33,14,3,11,0,0,110.14435999999999,1256.788,0,
519,688,5390,51618,247,78,6247,68,5481,21,12,5,7,0,0,135.98848999999998,1342.068,0,
520,395,2902,31883,115,33,2353,29,1930,11,6,2,4,0,0,56.42943999999999,828.958,0,
521,304,2275,24529,70,18,984,18,984,5,2,1,1,0,0,32.71104,637.754,0,
522,430,3520,33247,166,41,3059,40,2997,8,3,1,2,0,0,76.33072999999999,864.4219999999999,0,
523,448,3492,35008,117,35,2657,35,2657,12,6,1,5,0,0,66.43817,910.208,0,
524,293,2146,21820,58,11,752,11,752,5,2,1,1,0,0,20.56412,567.3199999999999,0,
525,564,3921,38670,170,32,3932,30,3513,14,9,3,6,0,0,63.10695,1005.42,0,
526,502,3841,39314,222,39,3741,33,3418,23,12,6,6,0,0,69.37472,1022.164,0,
527,383,2915,31809,109,44,2214,44,2214,5,3,2,1,0,0,79.23133999999999,827.034,0,
528,347,2756,27291,94,28,2199,28,2199,7,2,1,1,0,0,53.43018999999999,709.5659999999999,0,
529,326,2414,26309,104,21,1087,21,1087,5,3,2,1,0,0,37.93046999999999,684.034,0,
530,401,3208,31527,159,21,2591,18,2053,13,8,5,3,0,0,38.85576999999999,819.702,0,
531,663,4978,47694,235,55,4755,45,4229,33,14,5,9,0,0,93.92817,1240.0439999999999,0,
532,416,2865,29812,115,37,1620,37,1620,6,3,1,2,0,0,65.70519999999999,775.112,0,
533,537,3814,40212,164,41,3857,40,3801,14,7,4,3,0,0,79.38689,1045.512,0,
534,793,3376,42317,1077,5,446,4,296,1,1,1,0,0,0,8.219759999999999,1100.242,16,limit
535,427,3434,33498,130,40,2156,40,2156,5,2,0,2,0,0,72.57436,870.948,0,
536,378,2695,31037,98,36,1804,36,1804,9,4,1,3,0,0,64.79723999999999,806.962,0,
537,453,3608,36603,135,57,3064,57,3064,8,4,0,4,0,0,103.38683999999999,951.678,0,
538,569,3683,37534,112,39,2864,39,2864,14,5,0,5,0,0,73.66283999999999,975.8839999999999,0,
539,381,3106,28194,110,25,2359,25,2359,10,4,1,3,0,0,49.21278999999999,733.044,0,
540,328,2384,24669,96,15,1247,15,1274,10,5,3,2,0,0,28.957079999999998,641.394,0,
541,405,3016,31172,100,32,2199,32,2199,10,7,2,5,0,0,59.866189999999996,810.472,0,
542,418,3348,34587,105,42,2149,40,2057,10,5,1,4,0,0,73.26373,899.262,0,
543,284,2566,24332,119,25,2300,25,2103,6,5,2,3,0,0,48.46988999999999,632.632,0,
544,328,2596,28645,72,18,1347,18,1347,4,1,0,1,0,0,34.09407,744.77,0,
545,315,2388,26887,63,12,971,12,971,5,2,0,2,0,0,23.007509999999996,699.062,0,
546,415,3033,31070,107,14,2530,11,1925,12,5,3,2,0,0,27.184150000000002,807.8199999999999,0,
547,397,2797,30353,97,26,2060,26,2060,11,3,0,3,0,0,49.682599999999994,789.178,0,
548,398,3363,29364,138,42,3652,38,3031,9,3,2,1,0,0,75.33888999999999,763.4639999999999,0,
549,381,3172,31156,110,28,2409,24,2114,13,5,3,2,0,0,48.934439999999995,810.0559999999999,0,
550,288,2426,23551,162,25,1660,25,1931,6,4,1,3,0,0,47.26233,612.326,0,
551,313,2219,25019,60,18,1075,18,1075,5,3,1,2,0,0,33.05775,650.4939999999999,0,
552,307,2187,24865,53,11,616,11,616,5,2,0,2,0,0,20.04596,646.49,0,
553,273,1998,22605,51,16,1038,16,1038,6,1,0,1,0,0,29.69878,587.73,0,
554,494,3840,40850,150,57,3178,57,3178,10,3,2,1,0,0,103.82118,1062.1,0,
555,387,2927,27255,126,28,2478,26,2394,17,3,1,2,0,0,52.01225999999999,708.63,0,
556,409,3250,32188,205,43,3514,41,3399,9,4,2,2,0,0,80.01289,836.8879999999999,0,
557,391,3103,29829,130,28,2119,28,2119,9,5,1,4,0,0,53.125389999999996,775.554,0,
558,397,3162,33799,98,44,1769,44,1769,7,5,2,3,0,0,77.53589,878.774,0,
559,371,2931,28705,1026,4,328,4,328,4,2,1,1,0,0,7.685679999999999,746.3299999999999,5,limit
560,461,3701,35071,260,51,4409,51,4409,11,7,1,6,0,0,98.85728999999999,911.846,0,
561,312,2514,26369,76,23,1178,23,1178,6,2,0,2,0,0,41.49518,685.5939999999999,0,
562,464,3236,33631,158,37,3492,35,3450,15,6,2,4,0,0,70.46705999999999,874.406,0,
563,303,2387,27412,90,8,1009,7,943,9,6,4,2,0,0,15.41271,712.712,0,
564,331,2562,23225,147,26,1691,26,1691,6,3,0,3,0,0,48.276709999999994,603.85,0,
565,438,3330,34784,127,30,2877,21,2316,18,10,6,4,0,0,47.585939999999994,904.384,0,
566,357,2649,28113,90,34,1882,34,1882,7,4,1,3,0,0,61.876419999999996,730.938,0,
567,438,3035,32096,107,23,1838,22,1543,11,7,3,4,0,0,42.10393,834.496,0,
568,344,3093,27561,167,34,2188,34,2299,6,2,0,2,0,0,63.334209999999985,716.586,0,
569,576,4534,41197,292,50,7676,34,5357,30,17,11,6,0,0,85.51659,1071.1219999999998,0,
570,340,2715,26330,99,27,2267,27,2267,9,3,0,3,0,0,52.08027,684.5799999999999,0,
571,401,3116,33168,96,53,1885,53,1885,7,2,0,2,0,0,92.45884999999998,862.3679999999999,0,
572,317,2557,27244,146,30,1836,28,1717,7,4,2,2,0,0,52.69219,708.3439999999999,0,
573,368,2890,30152,144,17,1710,17,1737,15,6,2,4,0,0,33.93911,783.952,0,
574,423,3229,33523,123,37,3440,33,3145,7,6,3,3,0,0,67.34355,871.598,0,
575,395,3146,30863,155,32,3749,28,3379,15,8,7,1,0,0,60.278589999999994,802.438,0,
576,463,3434,35453,126,26,2845,24,2771,18,4,1,3,0,0,50.21883,921.7779999999999,0,
577,255,2046,22487,49,14,776,14,776,5,1,0,1,0,0,25.48256,584.6619999999999,0,
578,316,2493,26564,104,19,1421,19,1421,6,5,3,2,0,0,35.985009999999996,690.664,0,
579,306,2345,27404,53,12,804,12,804,7,3,1,2,0,0,22.371239999999997,712.504,0,
580,430,3058,36151,97,35,2297,32,2127,8,5,3,2,0,0,61.22946999999999,939.9259999999999,0,
581,317,3771,27729,1315,10,1048,8,734,8,3,2,1,0,0,16.99706,720.954,2,limit
582,450,3463,33143,145,24,3140,24,3107,20,7,2,5,0,0,50.49261,861.718,0,
583,444,3290,36052,104,27,1847,23,1694,11,8,5,3,0,0,45.55768,937.352,0,
584,428,3239,34790,124,35,2732,35,2732,16,10,3,7,0,0,66.72391999999999,904.54,0,
585,302,2386,23739,78,19,1540,19,1540,5,1,0,1,0,0,36.4384,617.2139999999999,0,
586,478,3481,35689,272,37,5204,29,3914,22,12,6,6,0,0,66.92754,927.914,0,
587,306,2444,27578,95,19,1766,17,1349,9,6,3,3,0,0,33.94275,717.028,0,
588,451,3344,31868,142,30,2790,26,2391,15,9,4,5,0,0,53.330529999999996,828.568,0,
589,353,3001,28664,197,42,2860,42,2860,8,3,0,3,0,0,78.4746,745.264,0,
590,444,3521,34544,138,38,2944,38,2944,10,6,3,3,0,0,72.35864,898.144,0,
591,314,2424,26046,77,20,1462,20,1462,10,2,1,1,0,0,37.75022,677.1959999999999,0,
592,410,3339,32121,148,33,3165,32,2949,11,7,4,3,0,0,63.45757,835.146,0,
593,8000,62236,510388,4521,1068,101440,1031,99127,161,80,34,46,0,0,2057.00521,13270.088,0,
594,468,3847,32394,207,34,3897,34,2983,15,7,3,4,0,0,67.14975,842.2439999999999,0,
595,1315,10488,86648,538,156,13805,137,13009,33,17,6,11,0,0,280.03756999999996,2252.848,0,
596,1123,8609,77560,412,72,11415,63,10139,61,30,15,15,0,0,145.81327,2016.56,0,
597,333,2667,28224,90,32,1684,33,1583,7,3,1,2,0,0,58.76841,733.824,0,
598,550,3666,39137,135,25,3203,21,2534,14,8,4,4,0,0,46.148959999999995,1017.5619999999999,0,
599,1212,10250,82498,654,181,18814,172,18037,42,20,7,13,0,0,350.69683,2144.948,0,
600,460,3561,38919,153,64,3792,64,3792,4,2,0,2,0,0,117.42352,1011.894,0,
601,280,2086,23071,75,19,1752,19,1405,6,3,0,3,0,0,36.33351,599.846,0,
602,8000,59862,453139,4358,1514,117012,1483,114345,152,72,28,44,0,0,2839.79751,11781.614,0,
603,8000,54260,486838,3722,1483,138318,1481,137764,6,3,1,2,0,0,2909.4215599999998,12657.787999999999,0,
604,575,5023,41385,270,44,5498,40,4421,20,9,4,5,0,0,84.39086999999999,1076.01,0,
605,1022,8041,72710,516,122,10366,119,9568,33,21,13,8,0,0,230.30372,1890.4599999999998,0,
606,1406,9892,105790,468,314,14018,311,13492,11,8,4,4,0,0,553.8612,2750.54,0,
607,8000,42959,377666,3869,336,29973,272,22327,40,23,7,16,0,0,562.3921499999999,9819.315999999999,141,limit
608,8000,53281,474621,3970,1253,104294,1224,102593,90,39,19,20,0,0,2376.19351,12340.145999999999,0,
609,338,2718,27533,107,24,1068,24,1068,5,2,0,2,0,0,42.68508,715.858,0,
610,288,2293,25456,87,16,1074,15,1013,8,5,2,3,0,0,28.54551,661.856,0,
611,431,3290,32023,144,36,3097,36,3097,12,5,1,4,0,0,69.72357,832.598,0,
612,1141,9115,76224,585,156,14265,147,13050,46,19,7,12,0,0,291.9882,1981.8239999999998,0,
613,692,5486,55215,221,103,5317,102,5039,12,5,2,3,0,0,184.12363,1435.59,0,
614,591,4652,45381,219,46,4060,47,4031,20,12,7,5,0,0,90.53632999999999,1179.906,0,
615,328,2557,26023,86,26,1653,23,1374,7,3,1,2,0,0,44.00816,676.598,0,
616,479,3602,35260,155,50,4182,44,3635,15,6,2,4,0,0,88.16481,916.76,0,
617,1406,11292,97193,622,154,18273,130,15492,59,30,16,14,0,0,282.97209999999995,2527.018,0,
618,641,5231,44561,286,53,6416,44,5452,26,12,6,6,0,0,97.01664,1158.586,0,
619,578,4688,44856,200,64,4570,63,4490,16,9,2,7,0,0,119.04729999999999,1166.2559999999999,0,
620,8000,53668,502003,3498,1680,138955,1680,138955,1,1,0,1,0,0,3232.5385499999998,13052.078,0,
621,760,7877,53531,719,116,10848,98,8928,19,10,3,7,1,0,202.58528,1391.806,0,
622,480,4003,38154,148,47,3195,47,3195,9,6,2,4,0,0,87.79594999999999,992.0039999999999,0,
623,378,2624,25460,65,14,1067,14,1067,5,0,0,0,0,0,26.591269999999998,661.9599999999999,0,
624,597,4288,40222,165,39,4098,38,3875,17,11,1,10,0,0,76.64788999999999,1045.772,0,
625,237,1787,22144,57,8,697,8,697,6,2,0,2,0,0,15.527569999999999,575.744,0,
626,681,5351,53518,230,48,5405,47,5250,29,15,7,8,0,0,96.28739999999999,1391.4679999999998,0,
627,393,2971,30487,120,18,1851,18,1851,11,7,3,4,0,0,36.014309999999995,792.6619999999999,0,
628,1056,9135,73944,650,214,13977,215,14086,13,10,1,9,0,0,398.99503999999996,1922.5439999999999,0,
629,478,4038,36637,267,64,4556,61,4130,8,3,0,3,0,0,115.82397999999999,952.562,0,
630,276,2340,23223,97,17,1306,16,1174,5,2,1,1,0,0,30.851699999999997,603.798,0,
631,989,7794,68551,656,151,16334,144,16048,38,18,8,10,0,0,296.52935999999994,1782.326,0,
632,1222,10055,83881,546,145,14462,136,13071,55,34,13,21,0,0,274.57689,2180.906,0,
633,926,6238,54641,1691,26,2551,22,2279,14,10,4,6,0,0,46.317949999999996,1420.666,17,limit
634,1281,10079,85961,578,135,14576,123,13491,55,29,12,17,0,0,256.33601,2234.986,0,
635,8000,53359,483237,3736,1585,140112,1583,140054,4,3,2,1,0,0,3081.6791799999996,12564.162,0,
636,987,7782,74348,380,209,9106,209,9106,6,2,0,2,0,0,370.97486,1933.048,0,
637,435,3450,33880,134,40,2536,39,2385,10,5,3,2,0,0,72.49502999999999,880.88,0,
638,579,4304,40996,225,46,3939,41,3366,19,10,6,4,0,0,81.8646,1065.896,0,
639,8000,58881,456478,4825,1417,191704,1383,187348,224,111,41,70,0,0,2960.46896,11868.428,0,
640,1200,10263,81352,800,161,13267,142,11647,34,18,10,8,0,0,283.86567,2115.152,0,
641,617,4470,40992,255,49,4833,49,4782,22,7,2,5,0,0,97.1206,1065.792,0,
642,739,5799,50730,340,68,6530,64,6121,29,10,4,6,0,0,128.69563,1318.98,0,
643,979,6688,67649,451,221,18757,221,18757,7,6,2,4,0,0,427.05317,1758.874,0,
644,1405,10901,91010,599,128,15284,117,14637,70,30,11,19,0,0,250.05242999999996,2366.2599999999998,0,
645,338,2370,26612,102,19,1379,18,1102,5,2,1,1,0,0,33.96648,691.9119999999999,0,
646,291,2434,27403,92,22,1108,22,1108,5,2,1,1,0,0,39.619479999999996,712.478,0,
647,356,2833,27365,113,34,2540,34,2540,6,3,0,3,0,0,64.3834,711.49,0,
648,1270,10544,89686,530,105,13696,85,12496,77,33,16,17,0,0,195.37076000000002,2331.836,0,
649,562,4489,43496,272,59,5133,59,5133,18,12,3,9,0,0,114.48772999999998,1130.896,0,
650,774,5883,57377,245,117,5747,117,5747,12,7,2,5,0,0,210.14906999999997,1491.802,0,
651,223,1749,21756,45,9,543,9,543,6,4,3,1,0,0,16.54983,565.656,0,
652,643,4611,46420,152,40,3114,36,2832,18,10,5,5,0,0,70.96267999999999,1206.9199999999998,0,
653,727,5508,50609,262,68,7596,61,6436,27,7,5,2,0,0,127.39196,1315.8339999999998,0,
654,369,2866,31119,94,37,1703,37,1703,11,1,0,1,0,0,66.02143,809.0939999999999,0,
655,518,4100,37489,162,51,4165,45,3461,17,9,2,7,0,0,89.29612999999999,974.7139999999999,0,
656,426,3434,36480,127,31,3041,28,2687,19,10,3,7,0,0,57.144189999999995,948.4799999999999,0,
657,870,6961,61240,444,125,9691,118,9282,20,8,3,5,0,0,229.06204,1592.24,0,
658,1053,8091,74851,344,159,9766,159,9766,7,3,0,3,0,0,293.03945999999996,1946.126,0,
659,475,3753,32534,264,49,4938,43,3914,16,9,3,6,0,0,88.18166,845.884,0,
660,351,2532,28944,118,22,1926,21,1751,9,5,2,3,0,0,41.14581,752.544,0,
661,8000,66375,495064,4342,1631,136019,1616,136032,11,6,4,2,0,0,3125.59558,12871.663999999999,0,
662,8000,52824,467133,3969,1204,98033,1175,97816,98,49,22,27,0,0,2277.40102,12145.457999999999,0,
663,345,3094,27301,113,25,1926,25,1926,5,1,0,1,0,0,47.56305999999999,709.826,0,
664,858,7032,60377,407,110,9835,108,9684,23,10,1,9,0,0,211.80422,1569.802,0,
665,1247,9404,95739,433,269,14049,269,14018,10,6,1,5,0,0,486.26616,2489.214,0,
666,497,3829,38627,170,44,3806,44,3806,10,4,1,3,0,0,85.29686000000001,1004.3019999999999,0,
667,495,4280,37637,183,25,2803,22,2505,17,13,5,8,0,0,46.730689999999996,978.562,0,
668,385,3098,27136,129,30,2241,30,2241,8,4,1,3,0,0,56.808209999999995,705.536,0,
669,8000,56678,462649,3855,1166,97689,1141,96312,111,55,27,28,0,0,2216.41758,12028.874,0,
670,307,2677,25223,88,22,1312,22,1312,3,1,0,1,0,0,40.39672,655.798,0,
671,272,2300,23159,91,12,955,12,955,6,2,1,1,0,0,22.94655,602.134,0,
672,466,3607,35016,153,36,3812,30,3198,17,7,4,3,0,0,64.0529,910.4159999999999,0,
673,8000,63058,503304,4213,1576,137019,1567,136680,10,7,4,3,0,0,3046.7648199999994,13085.903999999999,0,
674,407,3601,31820,202,29,2090,29,2090,10,5,2,3,0,0,54.62389999999999,827.3199999999999,0,
675,544,4216,41738,172,34,4281,32,3810,16,7,2,5,0,0,67.51788,1085.1879999999999,0,
676,366,2827,32641,102,30,1599,30,1599,6,4,1,3,0,0,54.36219,848.6659999999999,0,
677,431,3405,32684,164,24,2914,24,2914,13,7,2,5,0,0,49.71834,849.784,0,
678,8000,53278,489130,3616,1599,140663,1596,140485,8,8,2,6,0,0,3104.85889,12717.38,0,
679,1130,9124,85469,436,210,9161,207,8956,21,10,5,5,0,0,368.86425999999994,2222.194,0,
680,8000,50983,460857,4747,1533,128688,1483,124924,200,107,44,63,0,0,2890.49896,11982.282,0,
681,1152,9262,77267,513,158,11995,157,11895,23,9,4,5,0,0,298.52995,2008.942,0,
682,440,3378,34473,156,50,4218,50,4218,12,4,1,3,0,0,96.52057999999998,896.298,0,
683,631,4417,41963,187,40,3646,39,3528,19,11,1,10,0,0,76.81091999999998,1091.038,0,
684,1528,12198,99293,758,159,17753,145,16697,73,35,14,21,0,0,304.87265,2581.618,0,
685,8000,68904,489684,4852,1621,132030,1655,107524,75,35,14,21,1,0,3085.19252,12731.784,0,
686,8000,53486,532876,3681,1863,139613,1863,139613,7,3,1,2,0,0,3529.4925299999995,13854.776,0,
687,8000,50569,509595,4261,2078,179828,2077,179730,5,2,1,1,0,0,4027.2589399999997,13249.47,0,
688,782,6371,55503,354,91,7851,88,7460,15,8,2,6,0,0,171.91298,1443.078,0,
689,535,3961,43874,148,80,2840,80,2840,6,4,2,2,0,0,139.54039999999998,1140.724,0,
690,8000,50395,386463,5995,392,33956,297,25772,64,36,13,23,0,0,631.2264399999999,10048.037999999999,133,limit
691,565,4554,40788,202,29,2866,22,2450,18,11,8,3,0,0,48.57638,1060.488,0,
692,601,4830,44259,196,84,4753,84,4753,5,2,0,2,0,0,153.26493,1150.734,0,
693,374,2897,33497,92,42,1974,42,1974,7,3,0,3,0,0,75.09894,870.9219999999999,0,
694,447,3460,33138,155,56,5439,56,5439,7,3,0,3,0,0,110.82659,861.588,0,
695,8000,62528,506965,4448,1948,130126,1942,130098,20,7,2,5,0,0,3623.2584199999997,13181.09,0,
696,8000,55561,455931,5030,1431,129546,1375,128589,249,127,45,82,0,0,2730.2523499999998,11854.206,0,
697,8000,66192,500928,5548,1964,138929,1889,129600,102,49,13,36,1,0,3580.1102199999996,13024.127999999999,0,
698,8000,44198,417882,3261,1285,89955,1268,89451,40,16,8,8,0,0,2389.75803,10864.931999999999,0,
699,484,4129,35684,208,35,3912,26,3299,21,10,7,3,0,0,59.437529999999995,927.784,0,
700,1064,8252,75279,430,148,9536,139,9241,23,15,5,10,0,0,263.51831,1957.254,0,
701,571,4297,38991,152,25,3128,25,3128,19,8,1,7,0,0,52.14268,1013.766,0,
702,343,3044,28506,213,33,2141,33,2141,7,6,2,4,0,0,61.25421,741.156,0,
703,479,4182,36325,211,59,6827,55,6483,15,7,3,4,0,0,115.51715,944.4499999999999,0,
704,614,4509,42252,207,40,4483,39,4452,25,16,4,12,0,0,80.22869999999999,1098.552,0,
705,8000,54804,537139,3643,2121,114738,2119,114679,9,3,1,2,0,0,3847.42561,13965.614,0,
706,369,3301,29295,127,38,1732,38,1732,7,3,0,3,0,0,67.74091999999999,761.67,0,
707,1459,13175,101061,964,210,15904,211,15261,37,22,7,15,0,0,397.92314999999996,2627.586,0,
708,1108,8173,79039,429,202,12265,200,12127,12,8,2,6,0,0,369.12470999999994,2055.014,0,
709,353,2938,28275,111,22,2583,24,2409,8,5,1,4,0,0,47.04161,735.15,0,
710,1094,8341,79620,390,178,10231,178,10231,14,9,4,5,0,0,325.38211,2070.12,0,
711,8000,54092,553999,3560,2260,84483,2255,84280,8,8,3,5,0,0,3952.0363399999997,14403.974,0,
712,1034,8309,71022,496,118,13649,106,12568,32,17,10,7,0,0,225.46166,1846.572,0,
713,1335,9937,90821,525,158,14366,142,12968,28,15,8,7,0,0,287.19971999999996,2361.346,0,
714,321,2777,24547,200,25,2510,22,2107,9,4,3,1,0,0,45.33821,638.222,0,
715,8000,54389,463664,6470,2204,487843,2194,485194,39,18,11,7,0,0,5386.65096,12055.264,0,
716,8000,46621,503458,3240,2205,89986,2205,89986,1,0,0,0,0,0,3890.6916599999995,13089.908,0,
717,8000,54605,544474,3532,2234,83451,2234,83451,5,0,0,0,0,0,3912.4543099999996,14156.323999999999,0,
718,603,4796,46458,342,51,4903,43,4110,23,15,7,8,0,0,89.61384000000001,1207.908,0,
719,253,2127,20932,67,9,939,9,939,7,2,0,2,0,0,18.05859,544.232,0,
720,377,2849,29875,122,27,2175,24,1599,9,3,3,0,0,0,46.82487,776.75,0,
721,8000,56061,466482,4561,2008,133395,1995,132902,42,21,12,9,0,0,3723.12036,12128.532,0,
722,539,4795,41393,229,61,4132,58,4026,13,5,2,3,0,0,110.22314,1076.2179999999998,0,
723,591,4877,43397,288,46,5206,46,4835,28,14,6,8,0,0,92.87312999999999,1128.322,0,
724,952,7538,72942,318,190,7244,190,7244,14,5,1,4,0,0,333.30964,1896.492,0,
725,837,6729,59344,278,62,6472,52,5566,30,17,10,7,0,0,110.73353999999999,1542.944,0,
726,8000,48154,521133,3602,2035,128555,2035,128555,4,2,1,1,0,0,3764.10955,13549.457999999999,0,
727,451,4016,33318,220,31,2771,29,2601,13,8,2,6,0,0,57.729409999999994,866.2679999999999,0,
728,364,3271,30673,225,25,2111,25,2074,12,5,2,3,0,0,48.17059999999999,797.4979999999999,0,
729,8000,66299,527160,3904,2185,158952,2078,99091,17,8,3,5,0,0,3842.9276900000004,13706.16,0,
730,943,9056,74307,589,181,8831,181,8831,16,11,4,7,0,0,324.87510999999995,1931.982,0,
731,455,3590,33304,159,25,2716,22,2393,13,9,4,5,0,0,46.33347,865.904,0,
732,8000,52554,487447,3819,1596,133624,1593,133225,11,8,6,2,0,0,3072.63207,12673.622,0,
733,640,5586,46361,270,75,5100,75,5100,15,8,0,8,0,0,140.106,1205.386,0,
734,8000,54756,468691,3921,1296,101210,1274,99666,93,41,15,26,0,0,2441.95338,12185.966,0,
735,924,7636,66119,457,94,8482,88,8045,29,17,7,10,0,0,175.63311,1719.0939999999998,0,
736,8000,53721,460869,4112,1810,114309,1797,113455,49,25,11,14,0,0,3330.87127,11982.594,0,
737,955,8210,66882,558,103,11224,93,10279,37,21,8,13,0,0,194.70508999999998,1738.932,0,
738,308,2692,25471,128,35,2012,34,1954,6,3,1,2,0,0,62.698179999999994,662.246,0,
739,956,7880,74096,441,214,8275,214,8151,9,5,0,5,0,0,375.52763,1926.4959999999999,0,
740,916,8119,65293,440,118,8795,114,8522,17,10,3,7,0,0,218.13296,1697.618,0,
741,358,2920,30169,122,25,2575,25,2575,10,4,2,2,0,0,50.03574999999999,784.394,0,
742,899,6512,64767,315,140,7263,140,7263,9,5,1,4,0,0,252.93202999999997,1683.942,0,
743,453,3809,35604,134,32,2794,32,2794,13,10,2,8,0,0,62.13314,925.704,0,
744,300,2426,25332,119,16,1436,14,1236,9,4,3,1,0,0,28.42916,658.632,0,
745,8000,53293,461634,3964,1186,106483,1139,102777,129,66,31,35,0,0,2251.11745,12002.483999999999,0,
746,8000,62214,488919,6022,1554,168552,1455,166830,193,96,42,54,1,0,3026.1702600000003,12711.894,0,
747,352,3371,30525,136,28,2083,28,2083,9,7,4,3,0,0,52.98823,793.65,0,
748,1296,10169,86606,599,188,16242,178,14772,35,15,3,12,0,0,349.20792,2251.756,0,
749,909,7215,65106,347,118,9287,112,8799,20,13,5,8,0,0,217.18203,1692.7559999999999,0,
750,8000,52121,462688,4720,1761,229217,1743,227514,75,34,13,21,0,0,3681.94688,12029.887999999999,0,
751,395,3595,34545,143,33,2225,33,2225,12,7,1,6,0,0,61.57425,898.17,0,
752,1066,8543,80386,426,230,8469,227,8224,11,5,2,3,0,0,398.30253999999996,2090.036,0,
753,328,2671,27306,130,16,1379,11,1175,9,6,6,0,0,0,24.81147,709.956,0,
754,896,6906,60424,327,85,7683,85,7683,27,14,2,12,0,0,166.03723,1571.024,0,
755,278,2152,21119,103,18,1367,17,1099,6,1,1,0,0,0,32.335429999999995,549.0939999999999,0,
756,1413,12751,100113,744,255,16423,221,12692,34,17,5,12,1,0,424.6341,2602.938,0,
757,483,3866,39601,185,63,2468,61,2420,8,5,2,3,0,0,108.38383999999999,1029.626,0,
758,346,2476,28113,142,11,1718,10,1491,9,4,3,1,0,0,22.51757,730.938,0,
759,332,2484,29304,78,16,1209,16,1209,11,5,1,4,0,0,30.35029,761.904,0,
760,332,2604,27568,88,34,2063,34,2063,6,2,0,2,0,0,62.56603,716.7679999999999,0,
761,378,2939,29670,115,21,2117,19,2047,17,7,3,4,0,0,39.410669999999996,771.42,0,
762,332,2564,27124,93,20,1504,17,1319,9,4,1,3,0,0,34.03369,705.2239999999999,0,
763,543,4019,39707,190,39,3598,36,3393,25,13,5,8,0,0,72.53022999999999,1032.382,0,
764,369,2519,29688,74,18,1425,18,1425,7,3,1,2,0,0,34.39125,771.8879999999999,0,
765,349,2731,27016,125,26,3057,24,2921,17,3,1,2,0,0,50.86348999999999,702.4159999999999,0,
766,563,3928,38674,129,22,2507,20,2352,17,9,4,5,0,0,42.28202,1005.524,0,
767,448,3758,36776,199,33,3425,29,3079,20,9,4,5,0,0,60.716269999999994,956.1759999999999,0,
768,476,3589,34802,163,39,3363,39,3363,14,5,1,4,0,0,75.56402999999999,904.852,0,
769,462,3698,35029,182,33,3256,31,3115,16,11,3,8,0,0,62.87152999999999,910.7539999999999,0,
770,563,5715,41804,219,36,4159,31,3360,19,7,5,2,0,0,66.01841999999999,1086.904,0,
771,396,2972,30412,107,23,2330,20,2227,15,8,4,4,0,0,42.22341,790.712,0,
772,389,3149,33166,93,45,1905,45,1905,7,4,0,4,0,0,79.66304999999998,862.3159999999999,0,
773,472,3805,37167,143,51,3349,48,2978,14,5,2,3,0,0,90.45295999999999,966.342,0,
774,489,3813,38726,149,58,3476,56,3396,16,8,2,6,0,0,104.09515999999999,1006.876,0,
775,418,3007,32222,143,32,3224,29,2723,11,6,3,3,0,0,59.06381,837.7719999999999,0,
776,312,2517,27485,110,19,1841,17,1711,11,5,3,2,0,0,34.983309999999996,714.61,0,
777,535,3851,38671,132,23,3130,21,3086,21,7,2,5,0,0,46.55658,1005.4459999999999,0,
778,399,3204,32686,107,45,2635,45,2635,6,3,1,2,0,0,82.44434999999999,849.836,0,
779,336,2673,28249,71,23,1358,23,1358,6,4,1,3,0,0,42.18098,734.4739999999999,0,
780,547,4503,41889,281,37,4808,33,4216,26,11,3,8,0,0,71.77452,1089.114,0,
781,358,2906,29472,106,43,2351,43,2351,6,1,0,1,0,0,78.14431,766.2719999999999,0,
782,556,4412,39891,261,38,4722,34,4249,21,7,3,4,0,0,73.36882999999999,1037.166,0,
783,386,3066,31313,114,35,2138,34,2111,11,6,2,4,0,0,63.25976999999999,814.1379999999999,0,
784,503,3898,39866,161,35,3987,34,3710,22,14,5,9,0,0,69.64695999999999,1036.5159999999998,0,
785,376,2936,30643,92,43,2172,43,2172,6,2,0,2,0,0,77.46231999999999,796.718,0,
786,268,2161,25561,85,14,1210,13,1068,7,7,4,3,0,0,25.63264,664.586,0,
787,360,2648,30098,79,27,1545,27,1545,6,4,1,3,0,0,49.329449999999994,782.548,0,
788,440,4739,32626,1249,24,1971,23,1847,10,5,1,4,0,0,44.66939,848.276,3,limit
789,357,2870,29568,97,23,1928,22,1624,8,6,1,5,0,0,42.423159999999996,768.7679999999999,0,
790,601,4702,48384,187,64,4248,64,4248,14,8,1,7,0,0,119.16087999999999,1257.984,0,
791,437,3304,35473,108,29,2210,29,2210,13,6,1,5,0,0,55.0811,922.298,0,
792,688,5059,50909,169,62,4610,62,4610,16,9,2,7,0,0,117.32209999999999,1323.634,0,
793,360,2728,29338,123,19,1764,18,1517,10,4,1,3,0,0,35.512229999999995,762.788,0,
794,241,1782,21623,38,9,477,9,477,4,2,1,1,0,0,16.29837,562.198,0,
795,543,4433,39866,177,51,5587,48,5422,15,6,3,3,0,0,99.52152,1036.5159999999998,0,
796,450,3177,30818,117,25,2372,23,2318,16,6,2,4,0,0,46.860299999999995,801.2679999999999,0,
797,492,3472,35475,107,35,2316,35,2316,11,4,1,3,0,0,65.13896,922.3499999999999,0,
798,328,2474,26043,84,25,1687,25,1687,6,3,1,2,0,0,46.65247,677.1179999999999,0,
799,350,2667,28965,100,25,1925,21,1748,10,6,2,4,0,0,42.573739999999994,753.0899999999999,0,
800,258,1888,22644,52,12,807,12,807,6,4,2,2,0,0,22.382669999999997,588.744,0,
801,237,1722,20257,40,8,471,8,471,6,2,1,1,0,0,14.666509999999999,526.682,0,
802,574,4527,46537,269,57,4562,55,4342,20,9,4,5,0,0,106.25562,1209.962,0,
803,440,3520,34414,179,40,2936,37,2790,14,5,3,2,0,0,71.77217999999999,894.764,0,
804,815,6204,58342,250,64,5942,59,5734,31,14,5,9,0,0,119.41798,1516.8919999999998,0,
805,545,4278,41744,175,72,4047,71,3991,12,6,1,5,0,0,129.98979,1085.344,0,
806,354,2571,29281,91,28,2137,28,2137,7,3,1,2,0,0,53.19396999999999,761.3059999999999,0,
807,422,3562,33171,220,41,3638,33,3095,16,9,4,5,0,0,69.36169,862.4459999999999,0,
808,420,3287,30690,128,36,3122,35,2969,12,3,1,2,0,0,68.28643,797.9399999999999,0,
809,308,2550,26925,113,28,2763,23,1438,7,3,1,2,0,0,46.44428,700.05,0,
810,557,4098,39414,170,39,4353,38,4227,18,5,1,4,0,0,77.87455,1024.764,0,
811,573,4314,40239,169,46,3711,41,3456,14,8,4,4,0,0,81.83225999999999,1046.214,0,
812,464,3701,38401,199,34,3475,28,3021,17,12,4,8,0,0,59.97173,998.4259999999999,0,
813,275,2120,25030,32,4,559,3,460,7,3,3,0,0,0,7.175419999999999,650.78,0,
814,449,3523,36683,148,38,3264,38,3264,18,11,3,8,0,0,73.57784,953.7579999999999,0,
815,388,2755,32519,87,38,2253,38,2253,6,2,0,2,0,0,69.72593,845.4939999999999,0,
816,530,3937,36684,140,38,3247,38,3247,11,6,2,4,0,0,73.51306999999998,953.784,0,
817,555,4146,42886,160,36,3931,36,3931,16,8,3,5,0,0,72.90111,1115.036,0,
818,520,3907,37742,201,28,3222,28,3222,22,11,4,7,0,0,57.32782,981.2919999999999,0,
819,294,2385,22576,140,22,1861,22,1861,5,3,0,3,0,0,42.48841,586.976,0,
820,505,4257,37813,236,58,6837,44,4140,16,8,4,4,0,0,96.45786,983.1379999999999,0,
821,295,2146,25296,65,14,1277,14,1277,7,3,1,2,0,0,27.39137,657.696,0,
822,316,2455,28793,79,21,1932,21,1932,8,3,1,2,0,0,41.149919999999995,748.6179999999999,0,
823,483,3437,33122,128,22,3108,21,2950,18,7,2,5,0,0,45.69394,861.1719999999999,0,
824,595,6275,43374,1570,35,3158,31,2845,12,11,6,5,0,0,63.003789999999995,1127.724,7,limit
825,391,3253,31521,171,28,3422,29,2463,13,9,3,6,0,0,56.697649999999996,819.5459999999999,0,
826,320,2556,25547,91,20,1725,18,1555,11,5,1,4,0,0,36.04515,664.222,0,
827,387,2800,31149,71,16,1452,16,1452,10,3,1,2,0,0,31.27612,809.8739999999999,0,
828,365,2856,29935,87,32,1892,32,1892,7,3,1,2,0,0,58.69651999999999,778.31,0,
829,422,2948,30938,130,36,2962,34,2645,15,7,2,5,0,0,66.11550999999999,804.3879999999999,0,
830,322,2342,27136,68,20,1311,20,1311,6,3,1,2,0,0,37.17491,705.536,0,
831,375,2620,28821,91,27,2459,27,2459,12,5,2,3,0,0,52.81179,749.346,0,
832,355,2861,31591,84,25,1978,24,1899,10,3,1,2,0,0,46.423410000000004,821.366,0,
833,384,2827,31824,81,31,1977,31,1977,7,4,1,3,0,0,57.41136999999999,827.424,0,
834,349,2782,28124,101,42,2506,42,2506,7,3,1,2,0,0,77.12585999999999,731.2239999999999,0,
835,346,2714,29186,122,25,2227,20,1698,6,2,1,1,0,0,41.6686,758.836,0,
836,469,3190,39416,98,48,2240,47,2101,7,3,1,2,0,0,84.27082999999999,1024.816,0,
837,559,4350,43153,175,57,4603,52,4205,17,8,4,4,0,0,102.55368999999999,1121.9779999999998,0,
838,254,1742,18791,49,12,650,12,650,6,1,0,1,0,0,21.784499999999998,488.566,0,
839,277,2194,23793,115,16,1054,16,1054,5,2,0,2,0,0,29.759739999999997,618.6179999999999,0,
840,405,2990,31723,161,47,2623,47,2623,5,4,2,2,0,0,85.61662999999999,824.798,0,
841,8000,58538,480416,5106,1271,153250,1204,149232,316,158,71,87,0,0,2542.64416,12490.815999999999,0,
842,577,5075,42297,256,36,4612,36,4617,21,12,4,8,0,0,75.50886999999999,1099.722,0,
843,481,4158,37691,187,43,4710,39,4256,23,13,4,9,0,0,81.41807999999999,979.966,0,
844,376,3194,28505,172,41,3140,39,3053,10,8,3,5,0,0,75.44359,741.13,0,
845,8000,67565,479602,4933,1581,122083,1740,107074,35,16,7,9,1,0,3149.16156,12469.652,0,
846,444,3899,35717,259,20,2261,20,2261,19,9,5,4,0,0,40.79441,928.6419999999999,0,
847,943,7618,64568,406,137,10461,134,9984,22,13,2,11,0,0,255.6449,1678.768,0,
848,517,3870,37660,164,58,4578,57,4387,16,9,1,8,0,0,109.13185000000001,979.16,0,
849,506,3567,34798,133,31,2759,28,2529,11,4,2,2,0,0,56.395889999999994,904.7479999999999,0,
850,8000,100010,402541,7739,4610,1.558454e+06,482,41806,116,60,27,33,1,0,4701.7755,10466.065999999999,103,limit
851,554,4885,39953,373,51,3899,50,4034,23,10,3,7,0,0,96.13924,1038.778,0,
852,423,4539,35119,282,40,3208,32,2599,14,8,4,4,1,0,65.94081,913.0939999999999,0,
853,499,3712,36167,170,40,3154,32,2290,11,7,4,3,0,0,65.06442,940.342,0,
854,460,3544,33605,136,26,2651,25,2547,13,7,4,3,0,0,50.530789999999996,873.7299999999999,0,
855,525,3772,36216,138,23,2685,22,2502,13,6,2,4,0,0,45.62556,941.616,0,
856,1027,7377,68859,389,120,11282,117,11095,25,10,4,6,0,0,232.18260999999995,1790.3339999999998,0,
857,8000,54887,530195,4139,2123,180854,2119,180534,17,8,3,5,0,0,4099.59914,13785.07,0,
858,467,3862,35923,229,40,2747,37,2415,12,6,4,2,0,0,70.56290999999999,933.9979999999999,0,
859,385,3069,28957,113,20,2323,18,2050,11,4,3,1,0,0,38.05264,752.882,0,
860,774,6128,56203,284,76,6466,75,6292,5,2,1,1,0,0,145.33183999999997,1461.278,0,
861,528,4616,41851,210,61,4184,63,3448,12,5,1,4,0,0,114.41436,1088.126,0,
862,406,2718,26954,77,13,1095,13,1095,8,4,2,2,0,0,25.08895,700.804,0,
863,698,5895,48139,346,57,5756,48,5426,24,16,6,10,0,0,102.60546,1251.614,0,
864,345,2561,28863,126,24,1546,24,1546,9,4,2,2,0,0,44.50626,750.438,0,
865,394,3215,34455,132,34,2441,34,2441,13,7,2,5,0,0,64.00621,895.8299999999999,0,
866,1343,10584,89804,540,167,14507,167,14507,12,3,0,3,0,0,323.97466999999995,2334.904,0,
867,1027,7914,70585,429,120,11780,112,11113,35,16,7,9,0,0,227.16759,1835.2099999999998,0,
868,335,2659,28049,92,21,1741,21,1741,4,1,0,1,0,0,40.42220999999999,729.274,0,
869,383,3215,32803,132,27,2381,24,2103,12,6,3,3,0,0,48.39346999999999,852.8779999999999,0,
870,1390,10282,94192,581,150,15731,146,15600,60,27,8,19,0,0,296.42058,2448.9919999999997,0,
871,1502,11516,101382,583,152,16540,137,15822,64,35,15,20,0,0,288.74706,2635.932,0,
872,699,5561,55016,227,104,5979,96,5767,12,6,2,4,0,0,180.51843,1430.416,0,
873,942,6693,64715,293,53,7809,49,7358,37,15,8,7,0,0,109.32316,1682.59,0,
874,466,3585,33594,140,25,2908,22,2750,16,5,2,3,0,0,47.498940000000005,873.444,0,
875,771,5300,51809,230,44,6270,33,4861,32,18,11,7,0,0,78.54903,1347.0339999999999,0,
876,276,2033,23037,92,13,1055,11,867,5,3,2,1,0,0,22.182109999999998,598.962,0,
877,410,3220,29363,133,43,3506,43,3506,7,3,1,2,0,0,82.54486,763.438,0,
878,328,2461,29879,68,25,1378,25,1378,8,2,0,2,0,0,45.475179999999995,776.8539999999999,0,
879,301,2428,27559,55,11,866,11,866,5,2,0,2,0,0,20.99846,716.534,0,
880,8000,37942,374690,3663,313,24508,304,23936,49,26,10,16,0,0,585.31812,9741.939999999999,195,limit
881,543,4346,41792,210,80,3355,80,3355,5,1,0,1,0,0,141.50254999999999,1086.5919999999999,0,
882,8000,56628,468700,3489,1299,99302,1280,98305,51,26,14,12,0,0,2444.33951,12186.199999999999,0,
883,1000,7814,77449,384,220,9044,220,9044,7,4,0,4,0,0,388.43764,2013.674,0,
884,298,2460,23582,65,9,988,8,833,9,3,2,1,0,0,16.707629999999998,613.132,0,
885,8000,55755,458942,5361,1472,232273,1401,221659,228,109,44,65,0,0,3145.26331,11932.492,0,
886,453,3864,37761,207,52,2617,49,2452,16,12,4,8,0,0,89.81482,981.786,0,
887,291,2374,25988,80,23,1337,23,1337,7,4,1,3,0,0,42.10097,675.688,0,
888,8000,63072,492715,4051,1503,121682,1495,121176,37,18,8,10,0,0,2871.56464,12810.59,0,
889,8000,55455,477022,3967,1304,100170,1280,97926,84,43,19,24,0,0,2446.7619799999998,12402.572,0,
890,303,2834,27474,81,15,997,15,997,7,3,1,2,0,0,27.933569999999996,714.324,0,
891,283,2402,23935,142,15,882,15,882,6,2,0,2,0,0,27.495419999999996,622.31,0,
892,423,3351,34180,265,53,5624,47,5237,10,6,4,2,0,0,98.90662999999999,888.68,0,
893,549,4073,43265,176,32,3356,26,2730,19,13,8,5,0,0,55.84797999999999,1124.8899999999999,0,
894,300,2117,23056,89,16,848,16,848,7,2,1,1,0,0,28.974879999999995,599.456,0,
895,682,5005,46803,271,44,5160,40,4864,27,12,5,7,0,0,85.15712,1216.878,0,
896,1014,7962,71217,418,178,10427,178,10427,7,3,1,2,0,0,326.12886999999995,1851.6419999999998,0,
897,8000,23696,424275,2815,87,11840,62,7449,37,10,4,6,0,0,145.29506999999998,11031.15,287,limit
898,1151,9475,74125,634,129,13660,121,12633,45,23,7,16,0,0,247.86458999999996,1927.25,0,
899,316,2623,27716,82,20,1557,20,1557,7,3,1,2,0,0,38.11217,720.616,0,
900,361,2864,29150,181,40,2226,38,2089,8,4,1,3,0,0,70.22075,757.9,0,
901,804,6327,61257,272,109,6604,109,6604,11,6,1,5,0,0,200.54224,1592.682,0,
902,1067,8584,74681,516,150,11895,150,10572,18,12,5,7,0,0,283.19046,1941.706,0,
903,392,3209,31261,117,39,2086,38,2018,9,2,1,1,0,0,69.38982,812.786,0,
904,309,2670,26130,144,19,1656,19,1656,6,4,0,4,0,0,36.880359999999996,679.38,0,
905,712,5349,48515,275,56,5282,54,5034,27,16,4,12,0,0,107.31617999999999,1261.3899999999999,0,
906,403,3325,29258,129,39,3439,36,3361,7,3,1,2,0,0,72.25844999999998,760.708,0,
907,357,2966,30399,146,28,2266,26,2024,9,3,1,2,0,0,50.789,790.3739999999999,0,
908,473,3568,35384,172,39,5385,34,4252,17,13,6,7,0,0,74.63806,919.9839999999999,0,
909,628,4883,45499,303,62,6556,59,6050,26,12,5,7,0,0,120.01557999999999,1182.974,0,
910,850,6510,58039,330,135,9510,133,9461,13,8,3,5,0,0,251.05922999999999,1509.014,0,
911,336,2702,26539,86,26,2254,26,2254,7,3,0,3,0,0,50.42174,690.014,0,
912,8000,55138,499751,3920,1972,123409,1970,123315,5,4,2,2,0,0,3640.62907,12993.526,0,
913,709,8139,46161,2740,18,2882,15,2669,24,7,3,4,0,0,35.99223,1200.186,15,limit
914,701,4883,44022,261,40,5026,36,4342,21,8,4,4,0,0,77.19014,1144.572,0,
915,327,2487,24874,75,12,1337,12,1337,8,2,0,2,0,0,24.40197,646.7239999999999,0,
916,303,2483,27413,96,19,1238,18,1158,7,3,1,2,0,0,33.947379999999995,712.7379999999999,0,
917,1009,7645,66207,347,103,9678,102,9561,20,6,2,4,0,0,201.16246999999998,1721.3819999999998,0,
918,322,2357,26285,98,25,1668,25,1668,6,2,1,1,0,0,46.580079999999995,683.41,0,
919,1017,7840,69664,344,161,10647,161,10647,7,4,1,3,0,0,299.61406999999997,1811.264,0,
920,8000,53805,472051,4044,1219,122614,1080,95257,171,83,49,34,0,0,2199.5114299999996,12273.326,0,
921,462,3593,37286,138,43,2967,40,2813,9,4,1,3,0,0,76.69624999999999,969.4359999999999,0,
922,8000,65240,518270,4507,2065,100219,1972,95398,38,18,11,7,3,3,3586.6501599999997,13475.019999999999,0,
923,745,6002,50692,358,104,7737,101,7575,16,7,3,4,0,0,192.99791,1317.992,0,
924,1067,9145,74337,632,139,11974,138,11695,31,14,2,12,0,0,267.40817,1932.762,0,
925,720,5500,55072,225,120,4958,120,4881,16,5,1,4,0,0,211.76746999999997,1431.8719999999998,0,
926,265,2007,23531,68,14,990,14,990,8,4,1,3,0,0,26.2979,611.8059999999999,0,
927,782,5615,57866,230,141,5609,139,5432,12,3,1,2,0,0,245.51378,1504.5159999999998,0,
928,393,2834,33064,105,24,1963,24,1963,12,7,3,4,0,0,46.095029999999994,859.664,0,
929,898,6593,58721,322,75,7896,67,7430,36,19,10,9,0,0,140.49318,1526.7459999999999,0,
930,452,3647,37503,136,31,2988,31,2988,13,6,3,3,0,0,61.263279999999995,975.078,0,
931,753,5734,49671,230,65,7018,65,7018,6,1,0,1,0,0,131.32358,1291.446,0,
932,8000,44283,417622,3123,1413,96478,1404,95915,34,18,8,10,0,0,2629.4474899999996,10858.171999999999,0,
933,8000,52923,453729,5413,1715,240068,1653,230340,209,107,44,63,0,0,3578.4494400000003,11796.954,0,
934,595,4984,43362,338,49,4387,47,4195,19,13,6,7,0,0,92.79050999999998,1127.412,0,
935,8000,53106,475283,3689,1298,100593,1269,97939,81,40,17,23,0,0,2431.9913099999994,12357.358,0,
936,476,4077,36063,179,53,3516,51,3371,14,4,1,3,0,0,96.03160999999999,937.6379999999999,0,
937,644,5241,48680,303,60,6131,51,5290,40,20,9,11,0,0,107.51728,1265.6799999999998,0,
938,8000,55948,456201,3854,1082,105573,1065,104100,111,60,26,34,0,0,2120.0871399999996,11861.225999999999,0,
939,1120,9378,79168,566,150,12127,143,11416,30,17,8,9,0,0,277.7739399999999,2058.368,0,
940,308,2450,25458,91,21,1609,21,1609,7,5,0,5,0,0,39.91929,661.908,0,
941,306,2528,25587,127,21,1670,19,1306,6,3,1,2,0,0,36.934380000000004,665.262,0,
942,1541,12200,100203,764,205,18926,202,18670,50,27,8,19,0,0,397.88978,2605.278,0,
943,553,4357,42712,199,49,4417,46,4095,16,8,4,4,0,0,91.43291,1110.512,0,
944,8000,68400,497370,4316,1561,128024,1797,102563,25,12,6,6,1,1,3199.13801,12931.619999999999,0,
945,776,7190,55835,429,70,8126,70,8126,32,15,5,10,0,0,143.59006,1451.71,0,
946,8000,53142,539234,3247,2232,93258,2231,93101,5,3,2,1,0,0,3945.0580699999996,14020.083999999999,0,
947,633,5912,45351,517,86,7016,85,6920,20,12,5,7,0,0,163.72248,1179.126,0,
948,1062,9044,71958,674,190,14426,186,13837,13,7,2,5,0,0,354.60398999999995,1870.908,0,
949,8000,65530,475252,5041,1508,168110,1792,175331,37,13,6,7,1,0,3406.78233,12356.552,0,
950,665,5434,44676,287,68,6037,66,5867,23,11,3,8,0,0,129.70586999999998,1161.576,0,
951,8000,54229,487502,3722,1537,139557,1530,139115,10,8,6,2,0,0,2995.67271,12675.052,0,
952,434,3968,34045,275,39,3106,37,2987,15,7,1,6,0,0,72.01189000000001,885.17,0,
953,8000,65796,513833,4391,1061,111573,997,104877,202,113,56,57,0,0,2042.3116499999996,13359.658,0,
954,517,4714,42077,273,26,3099,23,2909,20,10,6,4,0,0,49.75149,1094.002,0,
955,719,5704,51963,290,36,5141,29,4394,29,12,8,4,0,0,67.6366,1351.038,0,
956,8000,69390,515417,4648,2159,101521,2132,98592,46,26,9,17,1,0,3822.41274,13400.841999999999,0,
957,534,4992,38005,324,54,4082,51,3631,18,9,2,7,0,0,97.86229,988.13,0,
958,501,4178,39343,244,51,3873,49,3806,17,9,4,5,0,0,94.37892,1022.918,0,
959,8000,53318,508992,3895,1822,126042,1811,125194,30,16,8,8,0,0,3397.15778,13233.792,0,
960,767,6584,53626,424,74,5900,64,5411,31,18,7,11,0,0,128.95892999999998,1394.2759999999998,0,
961,858,6652,61309,355,114,7738,102,6506,27,14,9,5,0,0,196.10762,1594.0339999999999,0,
962,366,2733,28426,150,24,2505,18,2057,17,8,5,3,0,0,40.201809999999995,739.076,0,
963,682,5053,46657,218,56,4755,53,4389,22,14,6,8,0,0,103.86796999999999,1213.0819999999999,0,
964,390,3149,31710,93,25,2160,25,2160,7,2,1,1,0,0,48.45459999999999,824.4599999999999,0,
965,305,2168,27447,54,8,1071,8,1071,7,0,0,0,0,0,16.95251,713.622,0,
966,686,5009,49232,183,32,4095,30,3980,26,14,4,10,0,0,64.5275,1280.032,0,
967,1157,9342,77442,716,141,14512,134,14169,31,14,7,7,0,0,273.34763,2013.492,0,
968,323,2654,26883,97,26,1758,26,1758,6,3,0,3,0,0,48.53198,698.958,0,
969,8000,47515,476683,3313,1235,101159,1217,100141,96,50,21,29,0,0,2349.5134499999995,12393.758,0,
970,417,5942,32146,1835,29,2980,28,2830,12,9,3,6,0,0,56.4903,835.7959999999999,3,limit
971,370,3296,32537,125,33,1743,33,1743,5,3,0,3,0,0,59.73783,845.962,0,
972,8000,53874,525635,4085,2225,140903,2225,140903,0,0,0,0,0,0,4116.86543,13666.51,0,
973,1256,9960,82143,630,149,13068,145,12917,38,21,7,14,0,0,284.61294999999996,2135.718,0,
974,302,2638,28254,78,16,1093,16,1093,6,4,2,2,0,0,29.90833,734.6039999999999,0,
975,8000,56630,501929,3934,1576,138279,1576,138279,5,2,0,2,0,0,3062.6269899999998,13050.153999999999,0,
976,455,4503,37447,280,32,3595,32,3080,18,8,5,3,0,0,63.830499999999994,973.622,0,
977,634,5183,42889,424,115,8803,112,8689,8,3,1,2,0,0,214.88460999999998,1115.114,0,
978,269,2298,22101,58,11,871,11,871,6,2,0,2,0,0,21.017509999999998,574.626,0,
979,1004,7242,67277,295,115,8212,115,8212,4,0,0,0,0,0,216.32272,1749.202,0,
980,777,5858,53444,303,94,8115,85,7546,24,9,4,5,0,0,170.49768,1389.5439999999999,0,
981,8000,55263,476781,3658,1420,113723,1406,112851,37,15,7,8,0,0,2699.9512699999996,12396.305999999999,0,
982,8000,53017,533113,3647,2224,92068,2224,92068,2,0,0,0,0,0,3929.19508,13860.938,0,
983,1067,8735,72214,679,208,33125,208,33125,15,8,1,7,0,0,460.87825,1877.5639999999999,0,
984,508,4363,42648,211,67,3488,65,3443,13,7,3,4,0,0,118.71392999999998,1108.848,0,
985,8000,58821,458890,4874,1168,127144,1102,122566,306,151,62,89,0,0,2277.1105,11931.14,0,
986,8000,49330,533739,3295,2213,87855,2211,87733,7,3,1,2,0,0,3892.86369,13877.214,0,
987,8000,54460,539023,3561,2149,90514,2147,90004,22,12,6,6,0,0,3798.99804,14014.598,0,
988,404,3646,34836,164,26,2238,24,2180,15,11,6,5,0,0,47.94824,905.736,0,
989,320,2637,28351,116,13,1197,10,828,9,4,2,2,0,0,21.117099999999997,737.126,0,
990,8000,63917,476202,4896,1116,120588,1058,117177,314,162,59,103,0,0,2180.57335,12381.251999999999,0,
991,8000,57290,469173,3909,1268,98663,1259,98564,52,26,14,12,0,0,2405.6876599999996,12198.498,0,
992,1241,11732,85593,634,185,14151,185,13345,35,16,5,11,0,0,349.46052999999995,2225.418,0,
993,8000,59426,468386,3671,1247,101403,1228,100466,66,30,13,17,0,0,2368.8341199999995,12178.036,0,
994,8000,65850,491134,4332,1574,123902,1571,123522,11,5,2,3,0,0,3000.2432200000003,12769.483999999999,0,
995,448,3935,36437,243,41,3573,39,3372,17,8,3,5,0,0,76.7935,947.362,0,
996,8000,214761,447978,18084,1869,255858,1124,72560,76,35,16,19,0,0,2658.1162400000003,11647.428,58,limit
997,756,5428,59726,316,95,4787,95,4787,6,3,0,3,0,0,171.09347,1552.876,0,
998,376,3205,29294,177,30,2674,27,2404,10,4,1,3,0,0,54.357839999999996,761.644,0,
999,8000,67637,495709,4179,1552,131073,1536,127122,33,17,7,10,0,0,2968.085,12888.434,0,
1000,498,5300,38489,432,42,3336,39,3275,17,13,5,8,0,0,76.73773,1000.7139999999999,0,
1001,756,5732,54836,470,78,9216,62,8106,29,16,9,7,1,0,139.61566,1425.7359999999999,0,
1002,959,7851,67062,492,96,11806,86,10592,41,24,13,11,0,0,184.95204,1743.6119999999999,0,
1003,476,3827,36940,170,31,2726,31,2726,12,6,2,4,0,0,60.26505999999999,960.4399999999999,0,
1004,8000,45166,412414,3907,1512,111121,1474,110197,88,53,15,38,0,0,2810.8088900000002,10722.764,0,
1005,8000,54909,534160,3704,2259,89451,2250,86765,7,6,1,5,0,0,3958.3051299999993,13888.16,0,
1006,8000,54557,532753,3715,2186,95132,2183,94898,13,7,3,4,0,0,3875.7215,13851.578,0,
1007,8000,52956,474915,5930,2237,350988,2229,350408,20,11,5,6,0,0,4926.03188,12347.789999999999,0,
1008,848,7666,61743,499,113,8154,110,8373,24,14,4,10,0,0,210.06971,1605.318,0,
